PROCHI,CHI_STATUS,sex,CURRENT_GP,anon_date_of_birth,DATE_ADDRESS_CHANGED,CALCULATED_AGE,DATE_IN,DATE_OUT,HB_EXTRACT,HBSIMD5,HBSIMD10,scsimd5,SCSIMD10,AN0NPRAC,SEUR6,CURRENTRECORD,POSTCODE_DISTRICT
3001,C,F,01/04/2013 00:00,01/08/1961 00:00,06/09/1990 00:00,65,15/01/2016 00:00,,G,5,10,1,1,A83,1,1,G76
3002,,F,01/04/2011 00:00,01/02/1951 00:00,31/07/2002 00:00,41,,,G,3,,2,5,,1,1,PA5
3003,C,F,30/06/2020 00:00,01/05/1988 00:00,05/08/2016 00:00,59,,,G,5,2,2,5,,1,1,G20
3004,,F,04/12/2017 00:00,01/08/1947 00:00,,74,,,G,3,,2,1,A1120,1,1,PA23
3005,,M,01/04/2017 00:00,01/05/1979 00:00,25/02/2021 00:00,75,,,G,3,4,5,7,A1402,,1,ML3
3006,,M,02/01/2008 00:00,01/11/1975 00:00,14/01/2021 00:00,70,,,G,,10,1,2,A1094,1,1,G64
3007,,F,02/04/1990 00:00,01/11/1952 00:00,,77,,,G,5,,1,10,A1211,1,1,G41
3008,C,M,01/04/2021 00:00,01/11/1949 00:00,11/11/2013 00:00,71,,,G,1,9,3,3,A670,3,1,G52
3009,,M,01/10/2013 00:00,01/02/1959 00:00,26/04/2022 00:00,65,,,C,,2,1,,A19,2,1,G34
3010,C,F,02/10/1992 00:00,01/05/1997 00:00,,83,,,G,5,4,2,,A763,1,1,PA1
3011,,F,11/03/2014 00:00,01/02/1969 00:00,14/04/2015 00:00,50,,,G,1,5,4,1,A249,1,1,G12
3012,,F,01/08/2013 00:00,01/11/1973 00:00,14/11/2017 00:00,32,,,G,5,4,2,3,A909,2,1,G76
3013,,M,03/12/2014 00:00,01/02/1953 00:00,25/04/1990 00:00,61,,,G,,9,,9,A1874,2,1,PA13
3014,,M,07/11/2012 00:00,01/11/1983 00:00,,70,,,C,2,5,1,4,A724,2,1,G52
3015,C,F,01/04/2017 00:00,01/08/1937 00:00,19/08/2019 00:00,47,,,G,3,5,1,1,A249,1,1,G60
3016,,M,06/10/2008 00:00,01/11/1960 00:00,,23,,,G,3,5,5,3,A1012,,1,G76
3017,C,F,12/08/2019 00:00,01/02/1932 00:00,09/07/2003 00:00,65,,,C,5,9,,4,A83,,1,G15
3018,,F,01/11/2017 00:00,01/02/1989 00:00,11/10/2006 00:00,56,,,A,3,2,4,4,A445,1,1,G61
3019,C,M,30/06/2022 00:00,01/11/1974 00:00,,77,,,G,3,5,1,10,A1409,1,1,
3020,,M,01/04/2014 00:00,01/08/1952 00:00,,83,,,G,2,4,,2,A1097,1,1,G15
3021,,F,15/06/2007 00:00,01/05/1953 00:00,30/11/2021 00:00,57,,,G,2,8,1,4,A1121,1,1,PA1
3022,C,F,01/02/2017 00:00,01/11/1949 00:00,,68,31/03/1991 00:00,,G,5,5,1,4,A1745,,1,G44
3023,,M,01/04/2017 00:00,01/02/1939 00:00,,47,,,G,1,7,3,1,A83,1,1,PA1
3024,C,M,01/07/2002 00:00,01/08/1951 00:00,08/11/2017 00:00,89,,,C,1,9,5,5,A1186,1,1,G33
3025,,F,17/04/2022 00:00,01/11/1954 00:00,29/08/2006 00:00,32,29/09/2017 00:00,,C,5,8,,5,A588,1,1,G81
3026,,F,16/06/2021 00:00,01/05/1956 00:00,,77,,,G,5,9,1,1,A1019,1,1,FK8
3027,,F,07/01/1990 00:00,01/05/1948 00:00,12/07/2002 00:00,39,,,G,2,9,4,3,A1426,1,1,G44
3028,C,M,28/02/2013 00:00,01/05/1988 00:00,,72,,,C,5,8,5,4,A1003,1,1,G42
3029,,F,01/11/2017 00:00,01/11/1987 00:00,22/10/1993 00:00,81,,,C,2,9,3,1,A2942,1,1,G20
3030,C,F,30/06/2018 00:00,01/08/1952 00:00,,50,,,G,2,3,1,3,A76,1,1,G46
3031,C,M,01/04/2019 00:00,01/02/1985 00:00,,58,,,T,4,2,4,10,A59,1,1,G15
3032,,F,14/06/2022 00:00,01/11/1944 00:00,,71,,,G,4,4,1,10,A598,1,1,PA5
3033,,F,03/01/1992 00:00,01/08/1937 00:00,,78,,,G,5,2,2,1,A470,,1,PA1
3034,C,M,14/07/2003 00:00,01/02/1937 00:00,,71,,,G,5,,1,4,A2326,1,1,G62
3035,,F,01/10/2020 00:00,01/11/1948 00:00,,75,,,G,3,8,3,7,A83,2,1,G41
3036,C,M,17/06/2019 00:00,01/05/1958 00:00,05/10/2021 00:00,33,,,G,2,9,3,7,A491,1,1,G53
3037,,M,31/12/2021 00:00,01/08/1987 00:00,29/06/2015 00:00,76,,,G,1,10,,9,A1097,2,1,G43
3038,,M,11/08/2021 00:00,01/08/1991 00:00,,78,,,C,2,3,4,2,A1562,1,1,G53
3039,,F,01/07/2016 00:00,01/08/1976 00:00,,52,,,G,5,2,,9,A960,,1,G62
3040,,F,01/10/2018 00:00,01/02/1967 00:00,19/11/2002 00:00,31,,,G,5,9,1,1,A1012,1,1,
3041,,F,01/07/2019 00:00,01/02/1953 00:00,07/11/2017 00:00,80,,,G,4,9,2,2,,1,1,G77
3042,,F,02/03/1997 00:00,01/02/1958 00:00,,56,,,G,2,3,5,2,A1121,6,1,PA8
3043,,F,08/01/2021 00:00,01/05/1991 00:00,,40,01/04/2014 00:00,,G,1,6,1,,A1350,1,1,G4
3044,C,M,30/09/2021 00:00,01/11/1993 00:00,,62,,,C,,9,3,6,A143,,1,G15
3045,C,M,24/09/2021 00:00,01/11/1962 00:00,,32,,,G,,9,5,4,A1179,1,1,G51
3046,,F,01/01/2003 00:00,01/11/1977 00:00,20/05/2022 00:00,39,,,G,5,7,2,3,A1084,1,1,G76
3047,,F,01/07/2006 00:00,01/11/1957 00:00,11/07/2019 00:00,29,,,C,2,9,5,2,A372,1,1,PA2
3048,C,F,01/06/1999 00:00,01/08/1957 00:00,14/11/2018 00:00,70,,,G,5,,2,8,A881,2,1,G77
3049,C,F,01/08/2018 00:00,01/02/1949 00:00,07/08/1998 00:00,52,,,C,4,5,3,3,A19,,1,G53
3050,,M,18/04/2018 00:00,01/05/1970 00:00,,51,,,G,,2,2,1,A372,1,1,G32
3051,,M,20/01/2021 00:00,01/05/1943 00:00,,62,,,G,3,5,,4,A488,2,1,G66
3052,,F,05/01/2017 00:00,01/08/1968 00:00,,72,,,G,2,8,3,,A798,1,1,G43
3053,C,F,03/10/2017 00:00,01/05/1996 00:00,,53,,,G,,5,4,8,A19,1,1,G40
3054,,M,02/01/2021 00:00,01/02/1978 00:00,,39,,,G,5,6,5,1,A45,1,1,G1
3055,,F,01/07/2019 00:00,01/02/1958 00:00,,73,,,G,4,8,1,1,A277,1,1,G81
3056,,M,01/07/2015 00:00,01/11/1980 00:00,,49,,,G,3,,1,8,A1121,1,1,G15
3057,C,F,27/06/2022 00:00,01/05/1992 00:00,24/04/1990 00:00,35,,,G,4,4,3,10,A1315,1,1,G61
3058,,F,27/05/2020 00:00,01/11/1948 00:00,04/09/2002 00:00,77,,,G,2,8,,6,A1421,1,1,G11
3059,,M,01/02/2013 00:00,01/02/1987 00:00,,58,,,C,5,2,2,1,A443,4,1,G81
3060,,F,24/09/2021 00:00,01/05/1976 00:00,15/01/2021 00:00,56,,,G,3,5,5,8,A2115,,1,G42
3061,C,M,01/07/2011 00:00,01/08/1944 00:00,16/08/2018 00:00,43,,,G,4,5,5,5,A1231,1,1,G44
3062,C,F,01/01/2018 00:00,01/05/1985 00:00,,46,,,G,1,1,4,2,A404,1,1,G23
3063,,M,23/01/2020 00:00,01/11/1959 00:00,,78,,,G,,5,2,1,A2942,1,1,G13
3064,,F,18/08/1997 00:00,01/08/1959 00:00,,50,,,G,1,4,1,7,A121,1,1,G42
3065,,M,23/11/2016 00:00,01/05/1979 00:00,27/11/2015 00:00,57,,,G,3,9,4,9,A1120,1,1,G43
3066,,F,12/08/2019 00:00,01/05/1980 00:00,24/05/2016 00:00,68,,,G,3,5,1,8,A659,1,1,G13
3067,C,F,01/07/2021 00:00,01/08/1965 00:00,,46,,,G,4,7,1,10,A391,,1,G13
3068,C,F,01/10/2018 00:00,01/11/1945 00:00,05/06/2018 00:00,68,,,G,4,6,4,3,A2942,1,1,G5
3069,C,M,22/10/2020 00:00,01/05/1948 00:00,30/08/2016 00:00,86,08/11/2019 00:00,,G,2,7,5,2,A285,,1,G51
3070,C,F,31/12/2015 00:00,01/05/1967 00:00,15/03/2001 00:00,51,31/12/1988 00:00,,G,2,2,1,2,A59,,1,FK2
3071,C,M,03/01/2011 00:00,01/02/1959 00:00,05/09/2017 00:00,41,,,G,3,,1,,A1379,,1,G40
3072,,M,01/11/2004 00:00,01/08/1958 00:00,,53,,,G,3,6,2,9,A1315,1,1,G44
3073,C,F,01/07/2004 00:00,01/08/1961 00:00,03/10/2016 00:00,43,,,G,2,5,5,10,A588,2,1,G32
3074,,M,31/03/2021 00:00,01/11/1988 00:00,12/12/2011 00:00,67,,,C,4,,1,2,A19,1,1,G21
3075,,M,06/10/2008 00:00,01/02/1954 00:00,,64,,,G,1,8,1,6,A1120,1,1,G44
3076,,F,01/07/2002 00:00,01/02/1963 00:00,05/06/2018 00:00,27,,,G,1,5,4,9,A590,1,1,PA12
3077,,F,06/10/2008 00:00,01/05/1954 00:00,14/06/2021 00:00,41,,,G,3,8,1,10,A1041,1,1,PA14
3078,,F,01/01/2021 00:00,01/08/1960 00:00,23/11/2020 00:00,34,,,G,1,1,5,7,A729,1,1,DD5
3079,,M,02/01/1998 00:00,01/02/1970 00:00,08/02/2022 00:00,60,31/03/1994 00:00,,G,5,9,5,8,A1315,1,1,G44
3080,,F,30/07/2014 00:00,01/08/1948 00:00,18/01/2018 00:00,61,,,G,,10,,6,A1120,1,1,G61
3081,C,F,01/07/2015 00:00,01/11/1972 00:00,,58,,,G,3,7,1,7,A1120,,1,PA3
3082,,M,01/07/2010 00:00,01/05/1954 00:00,15/09/2017 00:00,77,,,G,1,10,4,2,A2887,1,1,G61
3083,C,F,19/05/2015 00:00,01/11/1954 00:00,12/05/2016 00:00,49,,,G,3,2,5,1,A1300,6,1,G33
3084,C,F,01/07/2016 00:00,01/02/1954 00:00,,70,,,G,,8,1,4,A12,6,1,G2
3085,C,M,01/10/2020 00:00,01/11/1965 00:00,05/12/2007 00:00,65,,,G,1,5,1,10,A1003,1,1,G53
3086,,F,03/11/2003 00:00,01/08/1940 00:00,05/12/2016 00:00,50,,,G,,3,5,9,A763,1,1,G53
3087,C,M,01/07/2014 00:00,01/05/1957 00:00,16/01/2003 00:00,28,,,G,1,3,5,7,A1300,1,1,G40
3088,C,F,21/06/2016 00:00,01/02/1955 00:00,09/04/2019 00:00,59,,,C,1,5,5,10,A279,1,1,G42
3089,C,F,01/04/2020 00:00,01/11/1980 00:00,,49,,,G,5,2,,3,A280,,1,G52
3090,,F,01/04/1994 00:00,01/08/1953 00:00,,35,,,T,2,8,5,6,A1300,1,1,PA1
3091,,M,21/10/2021 00:00,01/11/1944 00:00,,28,,,G,5,2,1,3,A174,,1,G41
3092,,M,01/04/2013 00:00,01/02/1969 00:00,13/01/2012 00:00,67,,,C,,7,2,10,,1,1,G64
3093,,F,30/06/2020 00:00,01/11/1957 00:00,,58,,,G,5,2,2,,A226,1,1,G64
3094,C,M,02/09/2016 00:00,01/08/1969 00:00,,23,31/03/1992 00:00,,C,1,10,5,10,,1,1,G76
3095,,M,01/01/2014 00:00,01/11/1991 00:00,12/06/2013 00:00,58,,,G,3,,2,6,A445,1,1,G46
3096,C,F,10/04/2000 00:00,01/02/1964 00:00,,60,,,G,4,4,3,,A144,1,1,G12
3097,C,F,03/04/2017 00:00,01/02/1985 00:00,12/12/2019 00:00,53,24/01/2018 00:00,,G,4,10,4,8,A488,,1,KA26
3098,,M,30/06/2018 00:00,01/08/1936 00:00,07/12/2021 00:00,58,,,C,2,,2,1,A83,1,1,G13
3099,C,F,01/07/2016 00:00,01/05/1969 00:00,27/11/2009 00:00,76,,,G,3,4,3,5,A2182,1,1,G32
3100,,M,19/05/2015 00:00,01/11/1959 00:00,26/05/2021 00:00,44,,,N,2,,4,1,A850,1,1,G52
3101,,F,01/11/2021 00:00,01/05/1954 00:00,15/01/2019 00:00,31,,,G,2,10,5,7,,1,1,G53
3102,C,F,01/04/2013 00:00,01/05/1967 00:00,28/11/2000 00:00,65,,,G,2,3,4,1,A301,1,1,PA8
3103,C,F,01/08/2020 00:00,01/08/1972 00:00,20/05/2021 00:00,30,31/03/1989 00:00,,G,2,10,5,10,,1,1,G61
3104,,M,01/11/2020 00:00,01/02/1982 00:00,05/10/2017 00:00,38,,,G,4,9,,6,A472,1,1,G62
3105,C,F,01/07/2014 00:00,01/08/1974 00:00,,41,,,G,3,9,2,10,A813,1,1,G41
3106,,M,14/02/2013 00:00,01/05/1949 00:00,01/06/2016 00:00,48,,,G,5,8,1,2,A178,1,1,G40
3107,,F,01/02/2001 00:00,01/11/1976 00:00,19/03/2013 00:00,47,,,G,1,4,5,9,A2816,1,1,G46
3108,C,F,14/06/2022 00:00,01/02/1947 00:00,06/07/2016 00:00,71,,,G,4,1,5,,A763,1,1,G41
3109,C,M,30/08/2019 00:00,01/08/1968 00:00,,64,,,C,1,9,5,1,A1247,1,1,G53
3110,,M,31/12/2021 00:00,01/02/1957 00:00,09/11/2020 00:00,36,,,G,3,6,5,2,A1426,6,1,G66
3111,,F,08/06/2018 00:00,01/02/1960 00:00,04/02/2022 00:00,64,,,C,3,9,1,8,A670,1,1,PA7
3112,C,F,01/04/2015 00:00,01/08/1996 00:00,05/06/2017 00:00,44,,,G,2,2,1,8,A1002,5,1,G53
3113,C,F,01/04/2011 00:00,01/11/1996 00:00,07/03/2019 00:00,77,,,G,2,3,3,6,A1094,1,1,G77
3114,C,F,01/10/2014 00:00,01/08/1962 00:00,,79,,,G,,3,2,9,A2624,1,1,G83
3115,,F,01/07/2020 00:00,01/02/1954 00:00,,49,,,G,2,10,5,10,A1211,1,1,G45
3116,,F,04/12/2017 00:00,01/08/1957 00:00,23/08/2021 00:00,78,,,G,3,5,5,2,A1068,2,1,G41
3117,,F,03/07/2017 00:00,01/11/1961 00:00,12/01/2015 00:00,21,,,G,4,2,1,8,A1266,1,1,G77
3118,,M,09/04/2018 00:00,01/08/1970 00:00,30/04/2015 00:00,34,,,G,3,9,5,3,A851,1,1,G77
3119,,M,31/12/2017 00:00,01/08/1950 00:00,11/10/2019 00:00,85,26/11/2015 00:00,,C,1,4,1,5,A292,1,1,G77
3120,C,F,29/01/2021 00:00,01/08/1950 00:00,,78,,,G,,5,2,9,A491,1,1,DD4
3121,,M,12/05/2021 00:00,01/11/1947 00:00,17/10/2017 00:00,61,,,G,3,1,2,9,A1113,1,1,G77
3122,,F,01/04/2022 00:00,01/05/1962 00:00,,61,,,G,5,9,5,10,A94,4,1,G53
3123,,M,24/03/2021 00:00,01/11/1957 00:00,,58,,,G,4,6,1,3,A2816,6,1,G20
3124,,F,22/09/2003 00:00,01/02/1958 00:00,01/10/2020 00:00,64,,,C,,8,2,4,A680,1,1,G52
3125,C,F,07/11/2012 00:00,01/05/1969 00:00,20/10/1995 00:00,53,,,G,4,7,3,6,A491,1,1,G22
3126,,F,03/10/2017 00:00,01/02/1982 00:00,19/03/2018 00:00,66,,,G,4,9,1,4,A695,1,1,G42
3127,C,F,08/10/2013 00:00,01/05/1947 00:00,06/02/2020 00:00,83,,,G,5,5,4,8,A59,,1,PA37
3128,C,F,30/06/2018 00:00,01/08/1963 00:00,,66,,,G,1,5,4,4,A1874,5,1,G61
3129,,F,05/11/2020 00:00,01/08/1966 00:00,09/02/2001 00:00,63,,,C,4,6,4,5,A21,5,1,G14
3130,,F,06/12/2021 00:00,01/05/1975 00:00,,72,,,G,3,2,1,,A22,1,1,G53
3131,C,M,02/01/2021 00:00,01/08/1962 00:00,13/02/2020 00:00,81,31/03/1990 00:00,,G,5,8,5,1,A1120,1,1,G12
3132,,M,02/09/1991 00:00,01/05/1988 00:00,13/04/2018 00:00,26,31/03/1989 00:00,,G,5,2,1,,A285,1,1,G46
3133,C,M,30/08/2019 00:00,01/08/1977 00:00,07/08/2002 00:00,82,,,G,1,2,4,9,A1300,1,1,G12
3134,C,M,28/03/2017 00:00,01/08/1934 00:00,,82,26/11/2015 00:00,,G,2,8,1,1,A1004,1,1,G81
3135,,F,30/06/1992 00:00,01/08/1948 00:00,21/08/2018 00:00,30,,,G,3,8,5,1,,1,1,G77
3136,C,F,18/11/2014 00:00,01/05/1982 00:00,23/03/2017 00:00,68,,,G,1,6,4,1,,1,1,PA2
3137,C,F,01/10/2019 00:00,01/05/1958 00:00,20/10/2020 00:00,55,,,C,5,1,,8,A852,1,1,G32
3138,,F,05/02/2018 00:00,01/11/1970 00:00,,37,31/03/1990 00:00,,G,2,4,4,1,A1343,1,1,PA8
3139,C,M,07/08/2012 00:00,01/08/1951 00:00,,69,,,G,4,4,4,,A763,1,1,G77
3140,C,M,01/12/2011 00:00,01/11/1962 00:00,22/12/2015 00:00,87,,,G,,7,5,1,A1213,1,1,G53
3141,,M,22/10/2020 00:00,01/08/1962 00:00,05/02/2020 00:00,28,,,G,5,1,,5,A588,1,1,G52
3142,C,F,01/04/2005 00:00,01/11/1968 00:00,,42,,,G,5,10,5,1,A875,1,1,G52
3143,,F,01/08/2002 00:00,01/02/1997 00:00,05/05/2017 00:00,75,,,C,5,5,3,5,A2816,5,1,PA4
3144,,M,01/08/2001 00:00,01/02/1946 00:00,25/11/2020 00:00,66,,,G,1,2,2,5,A1391,1,1,G66
3145,,M,31/10/2016 00:00,01/02/1965 00:00,12/05/2021 00:00,57,,,G,5,3,2,1,A959,2,1,EH6
3146,,F,07/12/2021 00:00,01/05/1942 00:00,,75,,,G,5,1,5,8,A1345,1,1,PA18
3147,,F,04/12/2012 00:00,01/08/1972 00:00,25/10/2011 00:00,75,,,C,3,7,1,2,A1280,1,1,PA14
3148,C,F,01/11/2010 00:00,01/11/1952 00:00,17/11/2020 00:00,73,,,G,3,1,2,4,A76,1,1,G51
3149,C,M,01/08/2016 00:00,01/11/1968 00:00,,49,,,G,,1,1,3,A911,,1,G52
3150,,M,04/10/2017 00:00,01/11/1991 00:00,,57,,,G,3,9,5,3,A391,1,1,G33
3151,C,M,02/04/2013 00:00,01/08/1948 00:00,,59,,,C,5,7,5,2,A1069,1,1,G52
3152,C,F,27/12/2017 00:00,01/05/1969 00:00,,70,,,C,4,3,1,5,A472,1,1,KA19
3153,,M,05/02/2016 00:00,01/08/1966 00:00,,57,,,G,1,10,5,9,A357,2,1,G51
3154,,M,01/10/2017 00:00,01/11/1966 00:00,,88,,,G,5,,1,2,A1280,5,1,G20
3155,,M,20/04/2006 00:00,01/08/1948 00:00,11/02/2014 00:00,77,,,G,5,6,3,9,A1300,1,1,G61
3156,,M,01/07/2012 00:00,01/08/1956 00:00,,73,,,G,2,10,2,10,A1121,1,1,G13
3157,,F,01/04/2014 00:00,01/05/1969 00:00,,56,,,G,1,9,3,8,A558,1,1,G13
3158,,F,11/05/2020 00:00,01/02/1944 00:00,10/10/2007 00:00,84,,,G,,3,1,1,A77,,1,G32
3159,C,F,01/10/2018 00:00,01/05/1956 00:00,,55,,,G,5,10,2,2,A1350,1,1,G20
3160,C,F,04/05/2021 00:00,01/11/1984 00:00,14/06/2021 00:00,54,,,L,4,7,5,10,A2624,,1,PA1
3161,,M,24/03/2014 00:00,01/08/1931 00:00,13/07/2021 00:00,57,,,G,2,9,3,2,A1188,2,1,G51
3162,C,M,01/10/2018 00:00,01/08/1948 00:00,10/12/2015 00:00,75,,,G,3,2,1,4,A278,1,1,G46
3163,C,M,04/11/2021 00:00,01/02/1945 00:00,,66,,,G,5,5,5,9,A292,1,1,G52
3164,,M,10/04/2000 00:00,01/02/1963 00:00,18/08/1998 00:00,39,,,G,1,5,2,10,A292,1,1,G64
3165,C,M,31/03/2020 00:00,01/05/1939 00:00,,63,,,G,4,10,5,2,A391,1,1,KA18
3166,C,F,01/05/2012 00:00,01/08/1985 00:00,10/12/2020 00:00,42,,,G,5,8,2,5,A292,1,1,G13
3167,,F,05/05/2016 00:00,01/02/1968 00:00,,62,,,C,2,4,2,4,A226,1,1,PA4
3168,C,F,01/07/2002 00:00,01/11/1987 00:00,,80,,,G,2,9,1,5,A763,1,1,G1
3169,,F,31/10/2016 00:00,01/11/1957 00:00,,91,,,G,3,2,4,5,A726,1,1,G76
3170,,F,18/11/2020 00:00,01/02/1957 00:00,13/10/2016 00:00,68,,,G,4,5,1,1,A357,2,1,PA23
3171,,F,01/04/1998 00:00,01/02/1955 00:00,,72,,,G,5,9,3,8,A1102,1,1,G42
3172,C,F,08/12/2014 00:00,01/11/1959 00:00,03/04/2007 00:00,60,,,G,3,4,2,9,A2507,,1,G77
3173,,F,17/04/2020 00:00,01/05/1973 00:00,22/11/2018 00:00,32,,,G,5,3,3,1,A273,1,1,G3
3174,,F,01/04/2016 00:00,01/05/1953 00:00,,60,,,G,4,6,4,4,A2877,1,1,PA16
3175,,F,02/01/2008 00:00,01/02/1965 00:00,,67,,,G,2,5,1,2,A1004,1,1,PA4
3176,C,F,01/04/2022 00:00,01/05/1936 00:00,30/01/2019 00:00,41,,,G,5,7,4,7,A279,1,1,G51
3177,C,F,08/08/2018 00:00,01/05/1985 00:00,,36,,,G,2,10,5,8,A391,,1,G42
3178,C,F,01/08/2006 00:00,01/02/1989 00:00,,65,,,G,1,5,5,2,A391,1,1,G41
3179,C,F,05/10/2007 00:00,01/05/1984 00:00,,35,,,G,1,5,1,2,A1874,1,1,PH7
3180,C,M,01/10/2014 00:00,01/02/1939 00:00,,32,,,G,2,5,2,5,,1,1,G20
3181,C,M,04/10/2017 00:00,01/08/1994 00:00,08/02/2000 00:00,64,,,C,3,,1,6,A160,1,1,G76
3182,C,M,01/07/2019 00:00,01/08/1963 00:00,,32,,,L,4,7,1,5,A45,1,1,G53
3183,C,F,01/10/2018 00:00,01/11/1944 00:00,,58,,,G,,,5,8,A881,1,1,G61
3184,,F,01/09/2016 00:00,01/08/1971 00:00,09/07/2003 00:00,68,,,G,1,5,5,,A585,1,1,G45
3185,,M,31/01/2019 00:00,01/02/1986 00:00,11/12/1995 00:00,52,,,G,,9,3,1,A77,2,1,G31
3186,C,F,07/01/2020 00:00,01/05/1958 00:00,09/01/2008 00:00,58,,,G,4,10,5,2,A1350,2,1,G66
3187,,F,01/02/2017 00:00,01/05/1959 00:00,17/07/2017 00:00,36,,,S,5,10,1,,A1084,1,1,G41
3188,C,F,01/09/1995 00:00,01/08/1956 00:00,16/02/2021 00:00,28,,,C,5,3,2,8,A2781,1,1,G64
3189,C,F,30/09/2021 00:00,01/08/1953 00:00,,21,,,C,3,5,1,8,A1343,1,1,PA1
3190,,M,01/12/2011 00:00,01/08/1983 00:00,13/09/2016 00:00,83,,,G,5,2,1,,A1426,1,1,G66
3191,C,F,01/10/2001 00:00,01/05/1986 00:00,,68,,,G,5,3,1,3,A723,1,1,G61
3192,,M,14/06/2022 00:00,01/02/1948 00:00,,56,,,G,4,,5,5,A736,1,1,G31
3193,C,F,10/01/2015 00:00,01/02/1947 00:00,22/09/2006 00:00,64,20/09/2016 00:00,,G,5,,5,1,A1094,1,1,PA4
3194,C,M,25/07/2016 00:00,01/08/1957 00:00,,36,,,G,3,4,5,3,A1508,1,1,G51
3195,,F,01/04/2013 00:00,01/02/1976 00:00,,37,,,G,5,8,2,,A1247,1,1,G42
3196,,M,24/12/2009 00:00,01/11/1981 00:00,21/09/2021 00:00,84,,,C,3,10,2,2,A391,1,1,G83
3197,,F,01/06/2014 00:00,01/05/1947 00:00,09/08/2016 00:00,79,,,G,4,2,1,8,A960,1,1,G45
3198,,F,14/09/2015 00:00,01/08/1934 00:00,22/08/2002 00:00,98,,,G,4,3,5,1,A1426,,1,G52
3199,C,M,01/01/2020 00:00,01/08/1956 00:00,24/02/2014 00:00,29,18/09/2012 00:00,,G,3,8,1,8,A77,2,1,G81
3200,C,F,27/10/2015 00:00,01/08/1962 00:00,,54,,,G,3,1,3,8,A1211,1,1,G13
3201,C,F,02/02/2022 00:00,01/02/1963 00:00,27/11/2002 00:00,78,,,G,2,5,3,1,A1003,2,1,G76
3202,,F,01/09/2019 00:00,01/08/1967 00:00,,30,,,G,4,5,4,5,A1084,1,1,PA14
3203,C,F,01/08/2020 00:00,01/02/1937 00:00,,42,,,G,4,8,2,9,A2816,1,1,PA2
3204,C,M,01/04/2019 00:00,01/02/1989 00:00,,63,,,G,1,2,5,1,A845,1,1,G34
3205,C,F,13/10/2010 00:00,01/11/1980 00:00,,62,,,G,3,5,5,3,A138,1,1,G46
3206,,F,06/04/2006 00:00,01/05/1950 00:00,,60,,,G,5,5,5,8,A59,1,1,G46
3207,,F,30/06/2020 00:00,01/08/1961 00:00,12/02/2018 00:00,50,,,G,,,3,6,A659,1,1,G52
3208,,F,01/11/2013 00:00,01/05/1950 00:00,01/04/2022 00:00,85,,,C,1,2,3,6,A839,,1,PA18
3209,,F,01/04/2011 00:00,01/05/1957 00:00,15/01/2021 00:00,60,,,G,3,5,5,3,A1084,2,1,G33
3210,C,F,01/10/2003 00:00,01/02/1999 00:00,28/05/2015 00:00,73,,,G,5,2,1,1,A1226,5,1,G43
3211,C,F,24/07/2012 00:00,01/02/1956 00:00,,74,,,G,3,7,5,2,A521,4,1,G51
3212,,M,30/06/2020 00:00,01/08/1967 00:00,06/07/2021 00:00,75,,,G,5,10,,9,A280,1,1,G51
3213,C,M,01/12/2011 00:00,01/11/1946 00:00,29/04/2019 00:00,54,,,G,5,6,4,2,A1379,3,1,G53
3214,C,F,23/01/2020 00:00,01/11/1969 00:00,,31,,,C,3,,1,3,A1269,1,1,G41
3215,,F,04/12/2017 00:00,01/08/1946 00:00,17/03/2006 00:00,68,,,G,5,4,5,7,A2874,1,1,G3
3216,,F,01/04/2020 00:00,01/08/1957 00:00,,37,18/09/2012 00:00,,G,5,3,4,,A424,1,1,G81
3217,,F,18/08/2012 00:00,01/05/1975 00:00,15/01/2019 00:00,62,,,G,4,10,4,8,A404,1,1,G13
3218,,F,01/10/1997 00:00,01/08/1981 00:00,,70,,,G,2,10,1,2,A2182,1,1,G76
3219,,F,01/12/2020 00:00,01/05/1968 00:00,,45,,,C,5,,2,5,A1874,1,1,G46
3220,C,F,30/06/2022 00:00,01/05/1944 00:00,,68,,,G,,,3,3,A1874,1,1,G52
3221,,F,11/02/2010 00:00,01/08/1981 00:00,11/04/2011 00:00,53,,01/10/2020 00:00,G,3,,5,2,A175,6,1,G44
3222,C,M,02/02/2017 00:00,01/05/1942 00:00,,87,,,C,5,9,1,4,A1187,1,1,G33
3223,C,M,01/08/2019 00:00,01/05/1961 00:00,,55,,,C,4,7,2,5,A2887,1,1,G52
3224,C,F,17/04/2020 00:00,01/02/1981 00:00,31/05/2018 00:00,47,,,C,3,10,4,9,A938,1,1,G33
3225,,F,29/06/2015 00:00,01/08/1943 00:00,03/06/2015 00:00,63,,,C,3,3,2,5,A1391,1,1,G52
3226,C,F,01/12/2011 00:00,01/02/1963 00:00,11/04/2017 00:00,65,,,C,4,,3,2,A174,1,1,G78
3227,,M,02/04/2003 00:00,01/02/1959 00:00,16/06/2022 00:00,56,,,G,1,4,1,8,A2942,1,1,G51
3228,C,F,03/02/2020 00:00,01/11/1981 00:00,,56,,,G,,8,3,7,A839,1,1,G83
3229,,M,10/02/2016 00:00,01/11/1974 00:00,,52,,,G,3,1,1,5,A1212,1,1,G81
3230,C,M,01/05/2001 00:00,01/05/1933 00:00,08/02/2016 00:00,59,,,C,4,7,3,4,,1,1,G53
3231,,M,01/11/2007 00:00,01/11/1975 00:00,,31,,,G,4,1,2,3,,2,1,G61
3232,,F,01/10/2018 00:00,01/02/1991 00:00,02/08/2019 00:00,53,,,G,,3,2,8,A83,1,1,G44
3233,,F,01/04/2013 00:00,01/02/1994 00:00,27/08/1990 00:00,84,,,G,1,4,5,7,A549,1,1,G53
3234,,M,01/07/2014 00:00,01/02/1950 00:00,02/07/2012 00:00,82,,,G,1,10,5,9,A763,1,1,G81
3235,,M,31/03/2014 00:00,01/02/1958 00:00,,54,,,G,2,2,,9,A850,1,1,G11
3236,,M,01/12/2011 00:00,01/08/1937 00:00,,73,,,C,1,9,2,6,A695,1,1,G52
3237,C,M,01/01/1999 00:00,01/02/1968 00:00,24/04/1990 00:00,65,,,G,4,1,4,10,A2887,1,1,G11
3238,,F,30/06/2018 00:00,01/05/1965 00:00,13/11/2003 00:00,74,,,L,4,4,1,6,A279,2,1,G32
3239,,F,04/03/2019 00:00,01/11/1964 00:00,,59,,,G,,1,4,9,A1564,1,1,PA12
3240,C,F,01/07/2019 00:00,01/08/1960 00:00,,73,,,C,4,6,3,3,A1121,1,1,G41
3241,C,F,01/04/2011 00:00,01/05/1984 00:00,,47,,,G,5,9,1,10,A138,1,1,PA20
3242,,F,01/04/2004 00:00,01/11/1958 00:00,01/05/2019 00:00,46,,,G,5,10,5,2,A1350,1,1,PA1
3243,C,M,01/07/2002 00:00,01/02/1950 00:00,,85,,,C,5,8,5,5,A1320,1,1,G43
3244,C,M,31/05/2022 00:00,01/11/1987 00:00,26/09/2006 00:00,62,,,C,5,1,2,10,A149,1,1,G44
3245,C,F,01/07/2002 00:00,01/08/1948 00:00,,86,,,G,,4,1,8,A659,1,1,G31
3246,C,F,07/04/2022 00:00,01/11/1973 00:00,,65,,,H,4,2,5,1,A121,1,1,G76
3247,,F,01/10/1993 00:00,01/11/1940 00:00,15/04/1997 00:00,51,,,C,1,10,1,,A2874,,1,PA1
3248,,F,18/04/2018 00:00,01/11/1961 00:00,,58,,,G,3,8,4,10,A1226,1,1,G69
3249,C,M,01/05/1991 00:00,01/02/1951 00:00,16/01/2018 00:00,54,,,C,1,7,2,4,A77,6,1,G52
3250,C,M,31/10/2006 00:00,01/02/1950 00:00,06/11/2020 00:00,75,,,G,4,5,5,10,A76,1,1,G53
3251,,M,30/06/2018 00:00,01/11/1982 00:00,,82,,,G,4,4,1,7,A491,1,1,G43
3252,,F,01/03/2000 00:00,01/08/1984 00:00,,56,,,G,3,10,1,6,A1379,4,1,G21
3253,,M,01/11/2002 00:00,01/05/1936 00:00,11/11/2013 00:00,29,,,G,4,5,2,8,,1,1,G42
3254,,F,14/01/2021 00:00,01/08/1965 00:00,19/01/2021 00:00,28,,,G,1,2,1,10,A588,1,1,PA11
3255,,M,01/04/2014 00:00,01/11/1986 00:00,,76,,,G,5,,5,3,A1409,6,1,G53
3256,C,F,02/04/2002 00:00,01/11/1973 00:00,,73,,,G,1,7,3,8,,1,1,G81
3257,,M,30/04/2022 00:00,01/11/1951 00:00,23/09/2021 00:00,67,,,G,2,5,2,1,A881,1,1,G78
3258,C,M,01/04/2016 00:00,01/08/1948 00:00,12/05/2022 00:00,58,,,G,3,8,5,4,A1210,1,1,PA2
3259,C,F,01/01/2018 00:00,01/08/1973 00:00,20/10/2020 00:00,77,29/09/2017 00:00,,C,2,5,1,2,A1247,1,1,G46
3260,C,M,26/01/2021 00:00,01/02/1967 00:00,,33,,,G,3,,4,3,A1102,1,1,PA1
3261,C,F,01/10/2014 00:00,01/02/1937 00:00,,78,,,G,3,4,1,1,A391,1,1,G64
3262,C,F,03/10/2017 00:00,01/08/1971 00:00,06/09/1990 00:00,62,,,G,4,5,1,4,A1358,3,1,G61
3263,,M,30/06/2018 00:00,01/02/1938 00:00,20/04/2017 00:00,50,,,G,4,10,1,7,A723,1,1,G51
3264,,F,01/01/1997 00:00,01/08/1940 00:00,24/10/2017 00:00,68,,,L,3,8,,8,A724,1,1,G42
3265,C,F,01/05/2012 00:00,01/05/1962 00:00,24/03/2021 00:00,56,,,G,2,,2,3,A404,1,1,G43
3266,,F,19/04/2018 00:00,01/05/1965 00:00,,70,,,G,,4,1,3,A2886,1,1,G22
3267,C,F,25/07/2005 00:00,01/08/1945 00:00,06/04/2022 00:00,55,,,G,3,10,3,2,A1226,1,1,G52
3268,,F,03/03/2021 00:00,01/02/1986 00:00,20/06/2018 00:00,75,,,C,2,8,1,10,,1,1,G43
3269,,F,30/06/2020 00:00,01/08/1963 00:00,03/08/2018 00:00,34,,,G,3,9,5,1,A2816,1,1,G1
3270,,F,01/10/1993 00:00,01/11/1974 00:00,,63,07/11/1989 00:00,,G,3,8,3,8,A2437,1,1,G77
3271,,F,02/01/2008 00:00,01/08/1978 00:00,08/03/2019 00:00,40,31/03/1990 00:00,,G,,3,1,8,A2182,,1,G3
3272,C,F,29/03/2012 00:00,01/05/1988 00:00,,70,,,C,3,7,5,3,A83,4,1,G69
3273,C,F,01/07/2022 00:00,01/02/1958 00:00,09/09/2021 00:00,74,,,L,3,10,4,3,A1003,1,1,G53
3274,C,F,07/04/2022 00:00,01/08/1973 00:00,23/11/1990 00:00,66,,,C,1,10,2,3,A835,1,1,G64
3275,,F,05/04/2022 00:00,01/02/1950 00:00,22/10/2021 00:00,68,,,G,5,3,1,4,A895,1,1,G34
3276,,F,06/05/2021 00:00,01/05/1983 00:00,02/10/2018 00:00,57,,,G,1,2,5,2,A118,1,1,G31
3277,,F,20/10/2020 00:00,01/08/1957 00:00,,71,,,G,1,6,3,1,A197,1,1,G53
3278,,F,08/12/2014 00:00,01/05/1962 00:00,,48,,,G,5,4,1,10,A404,1,1,G61
3279,,F,01/02/2015 00:00,01/11/1981 00:00,,38,,,G,2,6,,2,A19,1,1,PA1
3280,,M,05/02/2018 00:00,01/05/1995 00:00,25/07/2017 00:00,71,,,C,4,5,5,1,A22,1,1,G77
3281,,M,06/04/2018 00:00,01/02/1970 00:00,,82,,,G,3,7,3,5,A1421,1,1,G53
3282,,F,19/04/2010 00:00,01/11/1961 00:00,,66,,,C,3,2,2,,A76,1,1,G78
3283,C,F,08/01/2018 00:00,01/08/1987 00:00,,48,,,G,4,6,1,1,,2,1,G52
3284,C,M,05/04/2006 00:00,01/05/1972 00:00,24/10/2018 00:00,82,,,C,5,3,2,10,A83,1,1,PA4
3285,,F,01/07/2017 00:00,01/05/1951 00:00,03/11/2021 00:00,47,,,G,,9,3,1,A451,1,1,G62
3286,,M,01/07/2016 00:00,01/05/1967 00:00,24/10/2017 00:00,25,,,G,4,3,3,7,A680,1,1,G13
3287,,F,01/07/2010 00:00,01/02/1984 00:00,,60,,,L,4,2,3,10,A1372,1,1,G42
3288,,F,24/08/2016 00:00,01/02/1955 00:00,,41,,,G,4,10,1,6,A444,1,1,G13
3289,C,M,23/08/2021 00:00,01/11/1937 00:00,21/03/2022 00:00,73,,,A,3,3,2,4,A1012,,1,G13
3290,,M,01/03/2021 00:00,01/08/1967 00:00,22/05/2007 00:00,83,30/11/2021 00:00,,C,5,5,1,2,A659,1,1,G13
3291,,M,01/02/2013 00:00,01/08/1965 00:00,13/10/2016 00:00,67,,,G,2,6,5,2,A133,1,1,G34
3292,,M,01/02/2013 00:00,01/08/1963 00:00,08/11/2019 00:00,28,01/10/1989 00:00,,G,5,4,5,7,A670,1,1,G76
3293,C,F,20/05/2016 00:00,01/02/1980 00:00,,37,,,G,4,5,4,2,A1372,1,1,G44
3294,C,M,09/02/2017 00:00,01/02/1958 00:00,,38,,,C,5,9,2,8,A1745,1,1,G53
3295,,M,10/08/2015 00:00,01/11/1945 00:00,20/07/2016 00:00,51,,,C,2,1,1,4,A970,1,1,G51
3296,,M,01/10/1990 00:00,01/02/1947 00:00,24/07/2018 00:00,68,,,G,1,8,1,1,A116,1,1,G52
3297,C,F,14/07/2003 00:00,01/08/1950 00:00,,45,,,G,5,8,1,2,A76,1,1,G46
3298,C,F,28/02/2018 00:00,01/08/1969 00:00,26/01/2021 00:00,84,,,A,1,2,5,,A659,1,1,PA3
3299,,F,01/04/2017 00:00,01/11/1952 00:00,,81,,,G,2,10,5,2,A391,1,1,G34
3300,C,F,12/08/2019 00:00,01/08/1934 00:00,,29,,,G,2,8,2,10,A1231,1,1,G78
3301,,F,02/04/2019 00:00,01/08/1984 00:00,31/12/1996 00:00,74,,,G,3,9,5,4,A488,2,1,G81
3302,C,F,11/04/2018 00:00,01/08/1946 00:00,,75,,,G,5,10,5,6,A726,1,1,G45
3303,,F,01/10/2001 00:00,01/08/1992 00:00,03/11/2005 00:00,62,,,G,3,10,2,,A844,,1,DD2
3304,C,M,27/10/2020 00:00,01/08/1981 00:00,24/05/2021 00:00,59,20/10/2020 00:00,,G,,5,5,3,A1269,1,1,G53
3305,,M,22/05/1994 00:00,01/05/1946 00:00,04/03/2020 00:00,22,,,G,3,7,2,,A19,1,1,G52
3306,C,M,26/01/2021 00:00,01/11/1984 00:00,01/06/2015 00:00,85,,,G,5,5,4,9,A2228,1,1,G76
3307,C,F,01/06/2001 00:00,01/02/1956 00:00,,74,,,G,4,2,2,4,A1350,1,1,G20
3308,C,M,01/02/2001 00:00,01/05/1939 00:00,26/01/2021 00:00,79,,,C,,,5,9,A1564,1,1,G11
3309,C,F,26/01/2021 00:00,01/11/1947 00:00,,28,,,G,4,4,3,4,A1188,,1,G52
3310,,F,01/07/2014 00:00,01/05/1953 00:00,29/07/2019 00:00,79,,,G,5,9,,8,A386,1,1,G41
3311,C,F,28/09/2012 00:00,01/05/1993 00:00,15/02/2022 00:00,68,,,G,2,5,1,2,A174,1,1,PA28
3312,,F,30/06/2022 00:00,01/08/1977 00:00,,71,,,C,1,1,2,4,A1579,1,1,G52
3313,,M,31/03/2021 00:00,01/02/1954 00:00,07/04/2021 00:00,77,,,G,2,8,5,1,A285,,1,G44
3314,,F,10/10/2016 00:00,01/11/1965 00:00,,53,,,G,3,9,2,4,A798,1,1,PA4
3315,C,F,28/09/2012 00:00,01/08/1947 00:00,22/11/1993 00:00,72,,,S,4,6,5,9,A686,1,1,PA37
3316,,F,01/05/2003 00:00,01/08/1994 00:00,22/06/2017 00:00,30,,,G,,1,5,3,A278,1,1,G51
3317,,F,22/09/2016 00:00,01/08/1998 00:00,,40,,,G,1,10,1,7,A1315,1,1,G53
3318,,F,16/08/2010 00:00,01/08/1956 00:00,12/07/2022 00:00,70,11/11/2021 00:00,,G,,8,1,4,A911,1,1,G66
3319,,F,30/06/2018 00:00,01/11/1994 00:00,14/07/2015 00:00,67,,,G,1,7,,1,A149,1,1,G53
3320,C,F,30/01/2015 00:00,01/02/1979 00:00,13/12/2013 00:00,41,,,G,3,1,5,1,A178,4,1,PA2
3321,,M,08/08/2005 00:00,01/08/1969 00:00,13/01/2021 00:00,40,,,G,1,2,4,1,A1280,1,1,G13
3322,,F,01/10/2018 00:00,01/02/1946 00:00,27/09/2018 00:00,90,,,G,5,,2,6,,,1,G32
3323,C,F,01/04/2013 00:00,01/11/1992 00:00,,65,,,G,,5,5,9,A2874,1,1,G20
3324,C,F,14/03/2008 00:00,01/05/1957 00:00,,33,,,G,5,4,3,,A175,1,1,G84
3325,,F,05/02/2018 00:00,01/08/1964 00:00,27/07/2010 00:00,41,,,C,2,5,2,1,A174,6,1,PA34
3326,,F,01/12/2020 00:00,01/08/1938 00:00,,41,,,G,3,1,3,4,A1084,,1,G60
3327,,F,01/04/2018 00:00,01/02/1953 00:00,,57,,,G,5,6,,6,A488,1,1,G81
3328,,M,01/10/2015 00:00,01/02/1990 00:00,,70,,,G,4,3,5,,A472,1,1,G14
3329,,M,01/08/2016 00:00,01/02/1967 00:00,,56,,,G,5,2,1,9,,1,1,G61
3330,,F,01/04/2018 00:00,01/05/1958 00:00,28/05/2015 00:00,39,,,G,4,9,2,3,A488,,1,G22
3331,C,F,01/10/2018 00:00,01/02/1941 00:00,05/08/2021 00:00,48,,,S,5,8,4,9,A881,1,1,G78
3332,,F,02/09/2016 00:00,01/08/1987 00:00,,57,,,G,4,9,5,1,A798,1,1,G76
3333,,F,17/04/2020 00:00,01/08/1959 00:00,30/07/2003 00:00,46,,,C,1,6,3,2,A695,1,1,G42
3334,,F,06/05/2021 00:00,01/02/1950 00:00,16/03/2015 00:00,62,,,G,4,8,5,1,A1579,1,1,G44
3335,,F,25/11/2021 00:00,01/02/1967 00:00,,33,,,G,5,8,3,1,A1745,1,1,G84
3336,,M,28/02/2013 00:00,01/05/1933 00:00,14/01/2022 00:00,35,,,G,2,10,1,3,A405,2,1,PA4
3337,,M,01/01/2014 00:00,01/11/1964 00:00,26/06/2009 00:00,75,,,C,3,10,3,1,A192,1,1,G15
3338,,F,28/09/2012 00:00,01/05/1953 00:00,,90,,,G,3,8,5,,A850,1,1,G51
3339,,F,01/02/2000 00:00,01/08/1965 00:00,,56,,,T,1,2,3,9,A2182,1,1,PA1
3340,,F,03/04/1990 00:00,01/11/1952 00:00,,61,,,G,2,4,2,8,A121,2,1,G51
3341,C,F,01/04/2011 00:00,01/08/1985 00:00,,74,,,G,5,4,4,2,A1120,1,1,G77
3342,,F,01/09/2011 00:00,01/11/1987 00:00,03/06/2015 00:00,55,,,G,5,5,2,8,A1084,3,1,G42
3343,C,F,08/07/2015 00:00,01/08/1966 00:00,,44,,,G,2,,3,2,A280,1,1,G62
3344,,M,01/04/2013 00:00,01/11/1955 00:00,,73,,,G,4,,1,,A83,2,1,G43
3345,,M,01/06/2000 00:00,01/11/1937 00:00,06/08/2021 00:00,42,,,C,,1,4,,A1120,1,1,G13
3346,C,F,01/12/2011 00:00,01/11/1992 00:00,,60,,,G,4,5,1,1,A850,5,1,G5
3347,,F,01/09/2019 00:00,01/11/1972 00:00,22/02/2021 00:00,75,27/09/2016 00:00,,C,5,5,4,,A2942,1,1,G62
3348,,M,30/10/2000 00:00,01/05/1987 00:00,04/06/2019 00:00,70,31/12/1988 00:00,,G,4,1,1,7,A659,1,1,G12
3349,C,M,01/02/2013 00:00,01/11/1944 00:00,31/03/2022 00:00,44,,01/09/2018 00:00,G,2,8,2,7,A452,1,1,G15
3350,C,F,05/02/2016 00:00,01/08/1940 00:00,,79,20/01/2021 00:00,,G,3,5,5,5,A1113,1,1,G78
3351,C,F,23/08/2005 00:00,01/11/1965 00:00,05/11/2002 00:00,54,,,G,3,5,4,10,A1334,3,1,PA8
3352,C,F,01/04/2018 00:00,01/02/1952 00:00,23/08/2021 00:00,41,,,G,5,2,1,2,A472,1,1,G61
3353,C,M,02/07/1999 00:00,01/08/1985 00:00,,48,,,C,5,3,,,A143,5,1,PA14
3354,,F,29/06/2015 00:00,01/02/1964 00:00,17/05/1994 00:00,71,,,C,,5,4,2,A474,,1,PA5
3355,C,M,31/10/2003 00:00,01/02/1982 00:00,05/10/2017 00:00,63,,,G,1,8,4,,A1213,2,1,G22
3356,,F,25/01/2012 00:00,01/05/1991 00:00,13/05/2021 00:00,49,,,G,1,9,1,1,A670,1,1,G44
3357,,F,01/10/2014 00:00,01/11/1965 00:00,,57,,,A,4,10,2,9,A204,1,1,G69
3358,C,F,01/04/2018 00:00,01/11/1972 00:00,03/02/2012 00:00,75,,,G,5,5,4,9,A1003,1,1,G53
3359,,M,25/02/2021 00:00,01/11/1932 00:00,27/03/2019 00:00,39,,,G,3,8,1,1,A1003,2,1,PA6
3360,,M,04/10/2010 00:00,01/02/1954 00:00,,73,,,G,3,10,1,1,A1026,2,1,G62
3361,,F,01/08/2008 00:00,01/05/1958 00:00,,67,,,G,4,,,1,A1187,1,1,G51
3362,,M,25/05/2012 00:00,01/08/1985 00:00,25/11/2016 00:00,63,,,G,5,3,1,,A226,1,1,G61
3363,,M,27/10/2015 00:00,01/05/1944 00:00,19/06/2007 00:00,57,,,C,4,,4,10,A204,1,1,G52
3364,,M,01/09/2020 00:00,01/11/1975 00:00,,53,,,G,4,,5,2,A919,1,1,G46
3365,,F,01/07/2016 00:00,01/02/1967 00:00,,60,,,G,,10,1,7,A695,2,1,G76
3366,,M,08/11/2019 00:00,01/02/1960 00:00,,49,,,G,1,10,5,1,A1019,1,1,PA5
3367,,F,20/01/2021 00:00,01/02/1979 00:00,15/01/2015 00:00,29,,,G,4,2,5,3,A2437,6,1,G45
3368,,M,27/12/2017 00:00,01/05/1959 00:00,,61,23/05/2000 00:00,,G,2,1,2,2,A1356,1,1,G23
3369,,F,05/04/2016 00:00,01/05/1950 00:00,,65,,,G,1,2,4,10,A1350,,1,G61
3370,,F,03/07/2019 00:00,01/08/1954 00:00,,31,,,G,4,,4,1,A588,,1,G60
3371,,M,01/01/2019 00:00,01/08/1938 00:00,,84,,,G,2,5,2,9,A372,,1,G12
3372,,F,01/08/2008 00:00,01/11/1946 00:00,25/11/2019 00:00,79,,,G,4,3,5,4,A1188,1,1,PA20
3373,C,F,01/01/2021 00:00,01/02/1967 00:00,,48,,,G,2,3,,1,A99,1,1,PH2
3374,,M,01/09/2018 00:00,01/05/1984 00:00,27/04/2022 00:00,59,,,H,5,9,1,8,A221,1,1,G62
3375,C,F,22/05/1994 00:00,01/05/1946 00:00,09/11/2016 00:00,70,,,G,1,,5,7,A372,1,1,G32
3376,,F,31/05/2022 00:00,01/05/1949 00:00,25/07/2016 00:00,61,,,G,2,3,5,1,A131,1,1,G53
3377,C,F,25/03/2022 00:00,01/11/1941 00:00,17/05/1994 00:00,60,,,G,2,10,1,1,A45,1,1,G14
3378,C,M,01/07/2014 00:00,01/11/1962 00:00,20/08/2007 00:00,57,,,G,3,6,4,8,A938,1,1,G81
3379,,F,01/01/2015 00:00,01/11/1963 00:00,18/03/2022 00:00,75,,,G,2,2,1,2,A1218,1,1,G32
3380,,M,01/11/1995 00:00,01/11/1950 00:00,,77,,,G,4,6,1,6,A1336,1,1,G51
3381,,F,30/03/2021 00:00,01/08/1972 00:00,,67,,,G,3,10,1,4,A590,1,1,G33
3382,C,F,01/08/1992 00:00,01/08/1934 00:00,06/05/1997 00:00,56,,,G,2,1,1,1,A1179,1,1,G66
3383,C,F,01/06/2017 00:00,01/08/1949 00:00,12/11/2021 00:00,55,,,G,5,6,3,6,A1308,1,1,G41
3384,,M,31/12/2021 00:00,01/11/1944 00:00,03/08/2017 00:00,22,,,G,3,7,1,9,A391,1,1,G42
3385,,F,01/08/2019 00:00,01/08/1954 00:00,11/06/2015 00:00,27,,,G,3,6,3,5,A1372,1,1,G64
3386,C,F,08/12/2014 00:00,01/05/1992 00:00,,67,,,G,1,6,5,9,A285,1,1,PA14
3387,,F,24/01/2011 00:00,01/05/1979 00:00,,44,,,G,4,,2,1,A488,1,1,G82
3388,,F,01/09/2014 00:00,01/02/1984 00:00,,39,,,G,1,5,1,2,A1226,1,1,G62
3389,C,F,12/07/2022 00:00,01/11/1997 00:00,17/02/2017 00:00,65,,,G,1,4,5,10,A2182,1,1,PA14
3390,C,M,01/10/2013 00:00,01/08/1976 00:00,22/11/2019 00:00,68,,,G,4,10,5,8,A1254,1,1,G13
3391,C,M,10/01/2022 00:00,01/05/1962 00:00,29/01/2021 00:00,87,,,G,5,2,1,2,A1084,1,1,G53
3392,C,F,01/11/2017 00:00,01/08/1970 00:00,,29,,,C,3,,5,,,1,1,G82
3393,,F,01/11/2017 00:00,01/08/1980 00:00,24/10/2018 00:00,91,,,G,5,9,1,,A724,1,1,G15
3394,,M,21/10/2021 00:00,01/05/1977 00:00,22/06/2015 00:00,76,,,G,3,10,1,10,A764,,1,G52
3395,C,M,13/12/2021 00:00,01/11/1977 00:00,,75,,,G,3,2,2,5,A2182,1,1,G46
3396,C,F,19/12/1989 00:00,01/08/1953 00:00,,55,,,G,5,10,2,6,A443,1,1,G41
3397,C,M,01/07/2016 00:00,01/02/1945 00:00,,72,,,G,1,5,2,6,A1564,1,1,G66
3398,C,F,01/02/2017 00:00,01/11/1948 00:00,,71,,,G,3,1,5,9,A2816,1,1,G11
3399,C,F,01/04/2015 00:00,01/05/1954 00:00,,68,,,G,1,8,1,5,A441,1,1,PA2
3400,,F,19/04/2018 00:00,01/11/1981 00:00,07/08/1997 00:00,55,18/09/2015 00:00,,G,1,6,4,1,A488,1,1,G62
3401,C,F,09/04/2018 00:00,01/05/1988 00:00,,68,,,G,2,,,3,A181,1,1,G66
3402,,M,01/07/2015 00:00,01/02/1961 00:00,,37,,,G,1,9,4,1,A1003,1,1,G66
3403,,M,01/04/2018 00:00,01/08/1989 00:00,,43,,,G,1,4,3,2,A845,1,1,PA16
3404,,M,16/10/2018 00:00,01/02/1949 00:00,30/05/2013 00:00,63,,,G,5,7,3,10,A118,1,1,PA4
3405,C,F,01/07/2017 00:00,01/02/1963 00:00,,35,,,C,5,9,2,9,A1224,1,1,G52
3406,,F,06/09/2018 00:00,01/02/1955 00:00,19/03/2015 00:00,32,,,C,1,9,1,9,A83,1,1,G52
3407,,F,01/04/2022 00:00,01/02/1943 00:00,,42,,,G,5,6,4,7,A938,1,1,G52
3408,C,F,01/04/2007 00:00,01/08/1943 00:00,07/03/2019 00:00,55,,,G,5,9,2,6,A277,3,1,G41
3409,,F,31/03/2020 00:00,01/02/1975 00:00,17/11/2016 00:00,78,,,G,3,,5,5,A1356,1,1,G34
3410,C,M,01/08/2020 00:00,01/05/1985 00:00,,79,,,G,4,5,1,4,A945,1,1,G53
3411,C,M,22/06/1992 00:00,01/11/1982 00:00,,55,,,G,1,8,3,8,A441,2,1,G46
3412,,F,01/04/2017 00:00,01/11/1941 00:00,25/08/2021 00:00,61,,,G,3,9,2,2,A1041,1,1,G32
3413,,M,30/06/2018 00:00,01/05/1969 00:00,,59,,,G,4,5,1,10,A1336,1,1,G43
3414,,M,01/09/2016 00:00,01/11/1957 00:00,20/01/2021 00:00,37,,,G,,,1,1,A1562,1,1,G60
3415,,F,01/04/2019 00:00,01/05/1971 00:00,12/01/2015 00:00,65,,,G,5,4,2,10,A292,1,1,G82
3416,C,F,05/05/2009 00:00,01/02/1973 00:00,25/07/2017 00:00,75,,,G,3,9,5,9,A2874,1,1,G12
3417,,M,20/10/2021 00:00,01/11/1971 00:00,16/03/2022 00:00,57,,,G,5,10,4,9,A844,1,1,G51
3418,C,F,17/08/1998 00:00,01/05/1963 00:00,17/10/2017 00:00,81,,,G,3,5,1,10,A912,1,1,G33
3419,C,F,01/08/2019 00:00,01/11/1951 00:00,17/03/2021 00:00,68,,,G,2,,5,1,A1038,,1,PA8
3420,,M,20/02/2014 00:00,01/05/1990 00:00,,31,,,C,,,5,10,A1371,1,1,G43
3421,,F,28/09/2017 00:00,01/08/1975 00:00,,71,,,G,5,7,4,10,A273,1,1,G62
3422,,F,30/07/2014 00:00,01/08/1989 00:00,,33,,,C,3,1,1,10,A121,1,1,G3
3423,,F,04/12/2012 00:00,01/02/1945 00:00,,37,,,G,1,10,3,2,A472,1,1,PA1
3424,C,M,08/04/2014 00:00,01/02/1942 00:00,,74,,,G,,8,,3,A736,1,1,G61
3425,,M,01/02/2013 00:00,01/11/1952 00:00,,56,,,G,5,4,4,1,A938,5,1,G14
3426,C,M,30/04/2022 00:00,01/11/1977 00:00,20/09/2013 00:00,85,,,G,2,6,1,9,A472,1,1,G14
3427,C,F,01/08/2020 00:00,01/08/1982 00:00,08/01/2018 00:00,68,,,G,1,4,4,4,A488,1,1,G77
3428,C,M,01/08/2014 00:00,01/05/1982 00:00,,57,,,G,1,8,1,1,A1874,1,1,G84
3429,C,F,14/08/2017 00:00,01/02/1988 00:00,,36,,,G,5,5,5,6,A521,1,1,PA4
3430,,F,16/08/2016 00:00,01/05/1968 00:00,23/10/2018 00:00,67,,,C,5,,5,1,A1002,2,1,G64
3431,,F,15/05/2018 00:00,01/11/1942 00:00,10/08/2015 00:00,46,,,G,4,5,1,8,A1004,1,1,G51
3432,,F,07/04/2022 00:00,01/11/1991 00:00,23/11/2015 00:00,68,,,V,5,8,5,2,A1280,1,1,G53
3433,C,F,01/10/2018 00:00,01/02/1948 00:00,27/08/1990 00:00,61,,,G,3,8,2,7,A472,4,1,G53
3434,C,F,18/05/2018 00:00,01/11/1930 00:00,,55,,,G,5,8,3,9,A1372,1,1,PA3
3435,,F,01/01/2014 00:00,01/02/1940 00:00,18/07/1991 00:00,81,,,G,3,9,2,,A285,1,1,G12
3436,C,F,19/09/2018 00:00,01/05/1939 00:00,,72,07/11/2017 00:00,,G,3,7,1,5,A488,1,1,G46
3437,C,M,02/07/2018 00:00,01/02/1967 00:00,24/07/1993 00:00,71,,,G,4,3,4,6,A480,1,1,G83
3438,C,F,03/04/2015 00:00,01/05/1987 00:00,17/09/2002 00:00,35,,,G,3,4,1,1,A197,1,1,G52
3439,,F,23/02/2021 00:00,01/08/1962 00:00,08/11/2006 00:00,72,,,G,5,9,5,1,A290,1,1,G40
3440,,F,31/03/2009 00:00,01/11/1962 00:00,,79,,,G,4,5,1,7,A1121,,1,G52
3441,C,F,09/11/2021 00:00,01/11/1975 00:00,,65,,,G,,6,2,4,A279,1,1,G77
3442,,M,01/09/2011 00:00,01/02/1969 00:00,27/10/2020 00:00,37,,,G,1,5,4,10,A1002,1,1,G84
3443,,M,01/04/2017 00:00,01/05/1956 00:00,23/11/2015 00:00,73,,,G,2,8,4,9,A279,1,1,PA14
3444,C,F,20/04/2015 00:00,01/02/1967 00:00,04/09/2002 00:00,29,,,C,5,9,,9,A945,,1,G14
3445,C,F,03/10/2017 00:00,01/08/1964 00:00,,56,,,C,2,3,1,1,A763,3,1,G44
3446,C,F,01/11/2010 00:00,01/11/1972 00:00,03/09/2020 00:00,70,,,G,5,7,5,2,A76,1,1,G81
3447,,M,22/09/2003 00:00,01/11/1944 00:00,,59,30/06/1988 00:00,,G,1,6,3,10,A175,1,1,G13
3448,,F,10/01/2022 00:00,01/08/1972 00:00,,79,,,G,5,9,4,1,A1417,1,1,G81
3449,C,M,30/06/2018 00:00,01/02/1943 00:00,13/10/2016 00:00,40,,,S,,9,5,10,A1562,1,1,PA28
3450,,F,26/01/2021 00:00,01/02/1967 00:00,03/11/2005 00:00,75,,,G,1,7,1,3,A12,5,1,G66
3451,,M,01/09/1990 00:00,01/05/1969 00:00,04/04/2016 00:00,74,,,G,3,10,1,4,A798,1,1,G83
3452,C,F,07/08/2012 00:00,01/02/1979 00:00,,39,,,G,3,3,3,,A763,6,1,G64
3453,,F,01/10/2013 00:00,01/05/1938 00:00,08/04/1999 00:00,71,,,G,3,,1,5,A1371,1,1,G77
3454,,M,02/09/2016 00:00,01/02/1962 00:00,09/07/1996 00:00,63,,,G,4,10,5,5,A63,1,1,G13
3455,,M,01/10/2017 00:00,01/11/1974 00:00,,59,,,G,1,9,3,9,A1379,1,1,G21
3456,,F,11/02/2010 00:00,01/11/1970 00:00,08/12/2020 00:00,77,,,G,,8,2,10,,1,1,G46
3457,,F,15/06/2021 00:00,01/11/1968 00:00,,66,,,G,1,10,1,10,A1102,1,1,G41
3458,C,M,30/06/1995 00:00,01/02/1992 00:00,21/07/2021 00:00,54,31/03/1989 00:00,,C,4,2,5,10,A121,1,1,G11
3459,,M,01/08/2020 00:00,01/02/1950 00:00,,82,30/09/1990 00:00,,C,,6,3,1,A845,1,1,G46
3460,C,F,01/04/2015 00:00,01/02/1950 00:00,14/05/2019 00:00,34,,,G,1,5,1,1,A899,1,1,G52
3461,C,M,30/04/2020 00:00,01/11/1954 00:00,,31,,,L,2,6,1,2,A470,1,1,G51
3462,C,M,30/06/2020 00:00,01/02/1963 00:00,,71,,,G,2,1,2,5,A695,1,1,G61
3463,C,F,01/01/2021 00:00,01/11/1977 00:00,08/04/1999 00:00,60,,,C,5,3,5,,A1003,1,1,G52
3464,,M,01/11/1995 00:00,01/11/1962 00:00,,59,,,G,3,1,4,5,A1097,1,1,G75
3465,,F,11/08/2021 00:00,01/08/1974 00:00,22/11/2016 00:00,56,,,C,4,10,1,7,A2874,1,1,G43
3466,C,F,13/01/2020 00:00,01/08/1958 00:00,,23,21/08/2007 00:00,,G,1,6,1,9,A441,1,1,G52
3467,,F,21/04/2021 00:00,01/11/1955 00:00,,32,,,G,4,10,1,10,A192,1,1,G66
3468,C,F,05/03/2001 00:00,01/08/1970 00:00,04/09/2018 00:00,45,,,G,5,,1,1,A590,,1,G52
3469,,F,01/04/2016 00:00,01/11/1957 00:00,20/02/2020 00:00,51,,,G,4,3,3,10,A763,1,1,G11
3470,C,F,10/01/2022 00:00,01/02/1953 00:00,11/05/2022 00:00,45,,,G,2,4,5,1,A1136,1,1,G77
3471,,F,01/10/2014 00:00,01/08/1944 00:00,,73,,,G,1,9,5,,A895,1,1,G11
3472,,M,01/08/2017 00:00,01/02/1967 00:00,,49,,,G,4,7,1,9,A2228,2,1,IV2
3473,C,F,31/10/2006 00:00,01/11/1968 00:00,,62,,,G,1,7,1,,A736,1,1,G31
3474,,M,01/04/2018 00:00,01/05/1967 00:00,,82,,,G,1,5,1,9,A588,1,1,G52
3475,,F,18/05/2018 00:00,01/08/1992 00:00,13/06/2022 00:00,66,,,G,2,9,1,3,A844,1,1,G61
3476,C,F,01/07/2019 00:00,01/11/1971 00:00,12/09/2006 00:00,79,,,G,5,8,2,1,A699,1,1,G53
3477,,M,01/02/2013 00:00,01/02/1945 00:00,02/06/2016 00:00,90,,,G,3,5,5,2,A670,3,1,G52
3478,C,F,01/09/2016 00:00,01/11/1945 00:00,02/12/2015 00:00,76,,,C,4,9,4,2,,1,1,G45
3479,,M,31/12/2017 00:00,01/11/1993 00:00,30/04/2015 00:00,55,,,G,,,2,4,A1283,6,1,G52
3480,,F,11/04/2018 00:00,01/08/1983 00:00,,45,,,G,5,9,5,6,A1409,1,1,G44
3481,,F,06/12/2021 00:00,01/08/1973 00:00,,36,,,G,5,6,1,8,A279,1,1,G42
3482,C,F,28/09/2012 00:00,01/02/1972 00:00,,61,,,G,5,,3,10,A945,1,1,G21
3483,C,F,01/07/2013 00:00,01/11/1989 00:00,,61,,,C,3,1,,9,A1161,1,1,G46
3484,,F,07/07/2016 00:00,01/05/1950 00:00,17/01/2003 00:00,66,,,G,4,8,5,4,A19,1,1,KA30
3485,,F,14/06/2021 00:00,01/05/1972 00:00,,32,,,G,5,5,5,4,A290,1,1,G61
3486,C,M,22/08/2017 00:00,01/08/1934 00:00,,46,,,C,4,10,4,4,A159,,1,G53
3487,,F,01/04/2015 00:00,01/02/1966 00:00,14/07/2015 00:00,70,,,G,4,7,1,10,A1121,1,1,G42
3488,,F,01/10/2018 00:00,01/05/1953 00:00,,73,,,G,3,10,1,3,A798,1,1,G66
3489,C,F,22/03/2019 00:00,01/08/1989 00:00,,39,,,G,5,9,4,10,A1004,6,1,G15
3490,,F,07/08/2012 00:00,01/11/1980 00:00,20/05/2019 00:00,45,,,G,1,2,2,2,,1,1,DD11
3491,,M,21/03/2005 00:00,01/11/1951 00:00,14/03/2017 00:00,66,,,G,5,6,1,2,A1280,1,1,G81
3492,C,M,01/10/2003 00:00,01/02/1972 00:00,11/05/2022 00:00,39,,,C,3,5,4,,A280,1,1,G14
3493,,M,17/01/2022 00:00,01/02/1944 00:00,31/01/1992 00:00,40,,,G,3,6,2,7,A443,3,1,G44
3494,C,F,26/04/2005 00:00,01/11/1988 00:00,,62,,,C,5,7,1,1,A1437,2,1,G44
3495,,M,01/09/2018 00:00,01/08/1962 00:00,,52,,,G,3,,1,4,A83,1,1,G41
3496,,M,01/03/2021 00:00,01/08/1944 00:00,,64,,,G,2,7,1,3,A76,1,1,G53
3497,,F,01/07/2016 00:00,01/02/1948 00:00,,58,,,L,1,2,5,3,A1187,5,1,G13
3498,,F,24/12/2009 00:00,01/08/1944 00:00,,39,,,G,5,9,5,10,A813,2,1,PA4
3499,,F,01/04/2016 00:00,01/08/1940 00:00,27/05/2022 00:00,59,,,C,2,2,2,5,A1064,1,1,G76
3500,C,F,01/01/1996 00:00,01/05/1947 00:00,01/08/2002 00:00,47,,,G,3,5,3,1,A695,1,1,G77
3501,,F,31/05/2022 00:00,01/02/1950 00:00,29/06/1989 00:00,41,,,G,2,10,1,1,A1187,,1,G51
3502,,F,01/07/2021 00:00,01/05/1962 00:00,,35,,,G,1,1,1,1,A2781,1,1,G43
3503,,M,01/10/2015 00:00,01/05/1985 00:00,27/08/1999 00:00,59,,,G,4,1,2,1,A285,1,1,G33
3504,,M,01/07/2016 00:00,01/05/1979 00:00,,78,,,A,2,4,1,,A899,1,1,G33
3505,,F,11/11/2021 00:00,01/11/1958 00:00,18/08/1993 00:00,32,,,G,2,6,3,10,A143,1,1,G77
3506,,M,07/01/1990 00:00,01/08/1959 00:00,23/10/2014 00:00,31,,,C,4,3,4,10,,1,1,G53
3507,,M,04/08/2003 00:00,01/11/1976 00:00,23/08/2017 00:00,67,,,G,3,2,2,6,A2947,1,1,G21
3508,,M,03/06/2019 00:00,01/05/1979 00:00,,78,,,G,5,6,1,1,A472,1,1,G15
3509,,M,07/05/2009 00:00,01/05/1948 00:00,,83,,,C,,9,4,9,A1345,1,1,G71
3510,C,M,27/03/2018 00:00,01/02/1981 00:00,,79,,,G,5,4,1,9,A273,1,1,G53
3511,C,F,01/07/2008 00:00,01/08/1964 00:00,,41,,,G,4,1,3,3,A226,1,1,G52
3512,,M,03/04/2017 00:00,01/11/1944 00:00,,58,,,G,4,5,2,8,A204,1,1,G73
3513,,F,12/08/2019 00:00,01/08/1957 00:00,06/10/2014 00:00,32,,,G,3,,3,8,A2228,1,1,G52
3514,C,F,12/07/2013 00:00,01/08/1945 00:00,,38,,,G,5,1,2,1,A2887,1,1,G61
3515,,M,02/02/2022 00:00,01/05/1981 00:00,,69,,,G,,5,1,2,A21,1,1,G53
3516,,F,01/04/2019 00:00,01/11/1990 00:00,,85,,,G,5,5,1,7,A808,1,1,PA3
3517,,F,30/08/2019 00:00,01/11/1995 00:00,25/08/2017 00:00,36,,,G,,10,1,10,A1254,1,1,G41
3518,,F,11/05/2020 00:00,01/02/1948 00:00,22/11/2016 00:00,67,,,G,3,7,,,,1,1,G45
3519,,F,03/01/1992 00:00,01/05/1954 00:00,22/12/2020 00:00,86,,,C,,9,5,1,A911,1,1,G66
3520,,F,30/07/2014 00:00,01/08/1975 00:00,04/12/2020 00:00,76,,,G,5,4,2,4,A405,1,1,G66
3521,C,M,07/08/2003 00:00,01/08/1981 00:00,06/02/2018 00:00,52,,,G,4,6,4,2,A798,1,1,G46
3522,,F,01/07/2014 00:00,01/05/1992 00:00,,71,,,G,5,8,,3,A1425,1,1,G64
3523,,M,01/08/2007 00:00,01/11/1950 00:00,,31,,,V,4,5,2,1,A1121,1,1,G81
3524,C,M,01/04/2022 00:00,01/08/1943 00:00,,72,,,G,5,6,3,9,A1300,1,1,G77
3525,,M,15/08/2017 00:00,01/08/1964 00:00,27/09/2018 00:00,36,,,G,4,3,1,4,A1437,1,1,G45
3526,,M,10/10/2016 00:00,01/05/1947 00:00,,40,,,C,4,2,2,1,A1136,1,1,G60
3527,C,F,01/11/2017 00:00,01/08/1994 00:00,23/05/2022 00:00,36,,,G,2,2,2,4,A285,,1,G44
3528,,M,05/03/2021 00:00,01/11/1930 00:00,,54,,,G,,1,4,1,A21,2,1,G42
3529,C,F,01/05/2001 00:00,01/08/1930 00:00,29/12/2017 00:00,73,,,L,3,10,3,1,A470,1,1,PA4
3530,C,F,01/08/2005 00:00,01/11/1983 00:00,,68,,,G,5,2,5,2,A1372,1,1,G53
3531,,M,20/03/2019 00:00,01/02/1958 00:00,19/11/2014 00:00,70,,,G,1,2,1,9,A1120,1,1,G41
3532,C,F,01/11/2014 00:00,01/05/1996 00:00,,44,,,G,4,2,2,10,A306,1,1,PA16
3533,C,F,01/04/2017 00:00,01/02/1965 00:00,05/02/2020 00:00,63,,,G,2,1,5,6,A2942,1,1,G32
3534,,F,09/09/2016 00:00,01/11/1972 00:00,,77,,,G,4,9,2,9,A2816,1,1,G41
3535,C,F,22/06/1992 00:00,01/05/1953 00:00,30/10/1989 00:00,55,,,G,3,2,3,1,A391,1,1,G77
3536,C,M,30/06/2020 00:00,01/11/1957 00:00,,75,,,G,3,3,3,10,A1300,1,1,G52
3537,C,F,17/02/2022 00:00,01/02/1963 00:00,18/08/2017 00:00,68,,,G,3,7,5,10,A1254,1,1,G43
3538,,M,01/04/2011 00:00,01/05/1956 00:00,15/01/2016 00:00,64,,,G,4,9,5,7,A844,1,1,G12
3539,,F,24/01/2018 00:00,01/11/1978 00:00,,62,,,G,3,2,3,9,A1745,1,1,G77
3540,,F,01/04/2016 00:00,01/02/1975 00:00,,73,,,G,2,8,2,10,A83,1,1,DD2
3541,,F,01/09/2018 00:00,01/05/1949 00:00,01/07/2008 00:00,59,,,G,2,10,4,1,A1003,1,1,G83
3542,C,F,24/01/2018 00:00,01/08/1985 00:00,,69,,,G,,9,5,10,A845,1,1,G32
3543,,M,21/03/2005 00:00,01/11/1955 00:00,,53,,,G,4,10,3,6,A1280,1,1,PA16
3544,,F,01/08/2017 00:00,01/08/1983 00:00,,75,,,G,5,5,1,7,A488,1,1,G76
3545,C,F,07/02/2019 00:00,01/08/1939 00:00,21/07/1994 00:00,39,,,C,5,,5,2,A316,3,1,G81
3546,C,F,23/12/2021 00:00,01/02/1965 00:00,23/02/2017 00:00,65,,,G,1,3,1,1,A204,1,1,G3
3547,C,F,01/04/2013 00:00,01/11/1964 00:00,23/09/2002 00:00,52,,,G,3,5,4,3,A83,1,1,G76
3548,,M,01/10/2006 00:00,01/02/1994 00:00,10/01/2012 00:00,43,,,G,3,9,1,2,A280,1,1,G51
3549,C,F,31/10/2019 00:00,01/08/1973 00:00,17/05/2017 00:00,45,,,G,2,10,1,2,A1280,1,1,PA8
3550,C,F,27/12/2017 00:00,01/05/1962 00:00,,51,,,C,1,6,1,9,A960,1,1,G13
3551,C,M,01/10/2006 00:00,01/02/1955 00:00,,75,,,C,3,,5,7,A285,1,1,G31
3552,C,M,08/02/2021 00:00,01/11/1981 00:00,19/01/2021 00:00,70,,,G,5,4,5,8,A452,1,1,G44
3553,C,F,01/02/2001 00:00,01/02/1949 00:00,08/02/2016 00:00,44,,,G,5,8,1,3,A504,1,1,G12
3554,,M,29/06/2018 00:00,01/08/1960 00:00,,52,,,G,5,2,5,6,A824,1,1,PA2
3555,,F,16/08/2021 00:00,01/08/1941 00:00,13/01/2011 00:00,60,,,G,5,10,4,6,A850,1,1,G51
3556,,F,01/02/2013 00:00,01/11/1982 00:00,,62,,,G,3,10,2,2,A77,1,1,G46
3557,,F,01/05/1991 00:00,01/11/1963 00:00,27/06/2003 00:00,64,01/04/2014 00:00,,G,4,3,1,7,A1121,,1,G76
3558,,M,19/06/2018 00:00,01/11/1962 00:00,,47,,,C,1,5,2,8,A1334,1,1,G64
3559,,F,01/04/2022 00:00,01/08/1948 00:00,11/12/1995 00:00,67,,,C,3,1,4,1,A1356,1,1,PA5
3560,,M,01/09/2019 00:00,01/05/1984 00:00,24/03/2015 00:00,68,,,G,3,2,1,1,A763,1,1,G81
3561,,F,13/08/2015 00:00,01/02/1974 00:00,19/11/2019 00:00,45,,,G,2,1,,10,A1315,1,1,G78
3562,,M,10/08/2021 00:00,01/05/1953 00:00,,60,,,G,5,7,1,7,,1,1,G78
3563,,F,01/10/2018 00:00,01/02/1960 00:00,19/06/2007 00:00,63,,,G,4,7,1,7,,1,1,G15
3564,,F,01/04/2022 00:00,01/11/1967 00:00,03/05/2013 00:00,42,,,G,3,8,2,7,A1004,1,1,PA19
3565,,F,01/01/2001 00:00,01/02/1956 00:00,05/07/2000 00:00,67,,,G,3,,1,9,A794,1,1,G52
3566,C,F,04/12/2017 00:00,01/08/1957 00:00,23/09/2014 00:00,75,30/06/1990 00:00,,C,3,6,1,9,,3,1,G61
3567,,F,01/04/2014 00:00,01/08/1953 00:00,16/02/2021 00:00,69,,,G,1,7,1,2,A1094,6,1,G77
3568,,M,03/07/2018 00:00,01/05/1947 00:00,,32,,,G,2,9,5,8,A1562,1,1,G42
3569,C,F,01/09/1990 00:00,01/05/1999 00:00,,72,,,G,4,1,5,1,A1179,1,1,G42
3570,,F,01/09/2011 00:00,01/08/1979 00:00,13/01/2012 00:00,75,,,L,1,5,4,,A1094,1,1,PA13
3571,C,M,06/04/2006 00:00,01/05/1975 00:00,20/05/2019 00:00,29,,,G,5,5,1,3,A2781,1,1,G83
3572,C,M,30/06/2022 00:00,01/05/1950 00:00,,61,,,C,3,4,5,3,A1345,1,1,G52
3573,C,M,01/04/2014 00:00,01/02/1966 00:00,11/02/2020 00:00,69,,,C,1,5,4,10,A960,2,1,G84
3574,,F,01/09/1995 00:00,01/05/1948 00:00,,45,,,G,5,6,1,1,A521,1,1,G81
3575,C,F,30/06/2022 00:00,01/05/1962 00:00,,59,,,G,4,7,5,3,A588,1,1,G33
3576,C,M,01/07/2021 00:00,01/11/1994 00:00,19/06/2007 00:00,80,,,G,4,6,3,3,A911,1,1,G12
3577,,F,10/10/2016 00:00,01/08/1965 00:00,22/10/1993 00:00,34,,,C,,6,1,1,A1562,,1,PA1
3578,,F,01/07/2004 00:00,01/05/1950 00:00,,59,,,T,3,3,1,,A558,2,1,G46
3579,,F,29/08/2012 00:00,01/05/1946 00:00,20/07/2016 00:00,92,,,G,2,2,1,9,A938,1,1,G52
3580,C,M,01/04/2017 00:00,01/05/1968 00:00,24/04/2019 00:00,63,,,G,3,5,2,8,A131,1,1,G45
3581,C,F,18/08/2008 00:00,01/08/1982 00:00,,60,,,G,5,5,4,6,A273,1,1,G33
3582,C,F,07/12/2021 00:00,01/08/1946 00:00,24/02/2010 00:00,78,,,C,1,10,3,9,A1425,,1,G53
3583,,M,20/03/2019 00:00,01/05/1946 00:00,30/11/1994 00:00,90,,,G,5,3,1,3,A279,1,1,G1
3584,C,F,09/11/2021 00:00,01/02/1973 00:00,24/02/2014 00:00,71,,,G,2,4,3,1,A1223,1,1,PA8
3585,,F,04/03/2019 00:00,01/08/1955 00:00,02/07/2019 00:00,62,,,G,1,,4,,A1356,1,1,G77
3586,,F,02/09/2016 00:00,01/02/1961 00:00,,44,,,G,5,2,,1,A1121,1,1,G64
3587,,F,01/11/2004 00:00,01/11/1955 00:00,05/10/2017 00:00,42,,,C,5,10,1,6,A2816,1,1,PA5
3588,,F,30/06/2022 00:00,01/02/1961 00:00,08/11/2017 00:00,33,,,G,3,9,4,10,A2816,1,1,G41
3589,C,F,19/04/2018 00:00,01/08/1977 00:00,,47,,,G,1,3,2,5,A22,1,1,G14
3590,,M,01/08/1992 00:00,01/11/1966 00:00,24/09/2015 00:00,75,,,G,2,10,1,9,A451,1,1,ML10
3591,C,F,27/05/2020 00:00,01/02/1956 00:00,11/07/2019 00:00,80,,,G,,9,3,3,,2,1,G53
3592,,F,31/03/2014 00:00,01/11/1991 00:00,,38,30/09/1988 00:00,,G,,5,2,10,A1084,1,1,G76
3593,,M,18/05/2021 00:00,01/05/1991 00:00,,80,,,G,2,4,5,4,A845,1,1,G45
3594,,F,01/07/2008 00:00,01/11/1979 00:00,15/01/2016 00:00,86,,,G,5,7,1,7,A1428,2,1,G13
3595,,M,01/04/2011 00:00,01/11/1974 00:00,,42,,,G,5,10,1,8,A881,1,1,G73
3596,,F,01/01/1997 00:00,01/05/1956 00:00,11/02/1998 00:00,23,,,G,1,,1,3,A504,1,1,G66
3597,,F,01/10/2010 00:00,01/11/1945 00:00,,35,,,G,,5,2,2,A1120,1,1,PA2
3598,,F,11/07/2016 00:00,01/02/1949 00:00,18/08/1998 00:00,71,,,G,2,7,1,1,A372,1,1,G42
3599,,M,01/04/2004 00:00,01/02/1959 00:00,,23,,,C,5,7,3,5,A922,,1,G77
3600,,F,09/05/2022 00:00,01/11/1951 00:00,21/08/2017 00:00,61,,,G,5,10,3,2,A782,2,1,G63
3601,,F,18/08/2012 00:00,01/11/1963 00:00,11/08/2014 00:00,72,,,G,5,6,2,9,A472,1,1,G53
3602,C,M,05/01/2010 00:00,01/05/1942 00:00,25/11/2020 00:00,73,,,C,4,9,3,10,A1069,1,1,G52
3603,,F,01/11/1999 00:00,01/02/1978 00:00,,33,,,N,4,10,2,5,A1120,1,1,G61
3604,,F,01/07/1999 00:00,01/05/1990 00:00,21/06/2021 00:00,61,,,G,5,10,5,2,A12,1,1,G66
3605,,F,04/12/2017 00:00,01/11/1970 00:00,,56,,01/08/2021 00:00,G,2,3,3,10,A1320,1,1,G33
3606,,M,01/04/2015 00:00,01/11/1993 00:00,23/05/2022 00:00,59,,,G,3,5,1,5,A1136,1,1,G43
3607,C,F,06/04/2018 00:00,01/05/1993 00:00,03/06/2019 00:00,83,,,C,1,4,1,,A895,1,1,G61
3608,,M,02/09/1991 00:00,01/05/1963 00:00,,54,,,G,2,8,5,9,A138,1,1,G42
3609,,M,26/04/2004 00:00,01/02/1962 00:00,11/05/2022 00:00,43,,,G,4,2,2,1,A598,1,1,G53
3610,,M,07/12/2021 00:00,01/11/1962 00:00,,38,,,G,,10,3,2,A2437,1,1,DD11
3611,C,F,01/07/2010 00:00,01/08/1966 00:00,14/05/2018 00:00,68,,,G,1,9,5,2,A300,,1,PA15
3612,,F,31/03/2020 00:00,01/05/1972 00:00,,50,,,G,3,4,5,2,A1121,1,1,G52
3613,,F,01/07/2002 00:00,01/02/1956 00:00,,64,,,G,2,5,3,10,A695,1,1,G52
3614,C,M,28/09/2012 00:00,01/02/1975 00:00,07/02/2008 00:00,65,,,G,2,10,3,,A763,1,1,G81
3615,C,F,16/11/2020 00:00,01/11/1959 00:00,29/03/2012 00:00,53,,,G,3,4,1,,A144,1,1,G11
3616,C,F,01/07/2010 00:00,01/05/1952 00:00,,60,,,G,4,7,4,6,A670,1,1,G33
3617,,M,01/07/2013 00:00,01/11/1943 00:00,22/04/2020 00:00,84,,,G,4,8,2,4,A77,1,1,G42
3618,,M,16/12/2020 00:00,01/05/1987 00:00,,73,,,G,4,6,3,9,A405,,1,PA11
3619,,F,12/07/2013 00:00,01/02/1961 00:00,06/11/2018 00:00,32,,,C,3,7,3,1,A1121,1,1,G44
3620,,M,01/07/2016 00:00,01/02/1970 00:00,20/05/2019 00:00,42,,,G,1,2,5,6,A588,6,1,G45
3621,,F,01/12/2011 00:00,01/02/1963 00:00,10/10/2018 00:00,75,,,G,1,8,2,4,A445,1,1,G82
3622,C,F,01/08/2016 00:00,01/11/1953 00:00,15/10/2019 00:00,45,01/11/1993 00:00,,C,2,2,3,1,A1211,6,1,G5
3623,C,F,13/10/2017 00:00,01/02/1953 00:00,,58,,,G,5,7,1,10,A440,1,1,G81
3624,,M,13/09/2017 00:00,01/02/1952 00:00,08/08/1999 00:00,87,,,G,4,6,4,8,A1745,1,1,G52
3625,,M,30/06/2018 00:00,01/02/1954 00:00,,52,,,G,4,2,5,1,A76,1,1,G21
3626,C,F,12/08/2019 00:00,01/11/1975 00:00,18/01/2022 00:00,76,,,G,4,8,4,8,,1,1,G11
3627,C,F,05/11/2020 00:00,01/02/1987 00:00,,41,,,C,3,7,2,3,A249,1,1,G77
3628,,F,01/08/2019 00:00,01/05/1961 00:00,,63,,,G,3,5,5,2,A2182,1,1,PA1
3629,C,M,31/05/2022 00:00,01/02/1989 00:00,02/03/2006 00:00,67,,,G,4,8,1,2,A280,3,1,G31
3630,,M,01/07/2021 00:00,01/08/1945 00:00,17/07/2017 00:00,39,,,G,4,4,,6,A441,1,1,G51
3631,,M,01/10/2007 00:00,01/05/1953 00:00,13/08/1997 00:00,75,,,G,3,9,1,7,A133,2,1,G11
3632,,F,01/10/2020 00:00,01/02/1948 00:00,,59,,,G,3,,5,1,A1211,2,1,G61
3633,,F,01/07/2017 00:00,01/02/1971 00:00,19/03/2015 00:00,43,,,G,2,6,1,4,A107,1,1,G13
3634,,F,01/01/2019 00:00,01/11/1983 00:00,09/08/2013 00:00,68,,,G,4,6,2,8,,4,1,G45
3635,C,M,01/08/2020 00:00,01/08/1982 00:00,,40,,,G,,8,3,2,A960,1,1,G82
3636,,F,08/12/2014 00:00,01/08/1970 00:00,27/07/2018 00:00,50,,,C,2,,2,7,A1002,5,1,G45
3637,,F,01/11/1993 00:00,01/02/1992 00:00,,34,,,G,1,5,,1,A300,1,1,G12
3638,C,F,01/04/2013 00:00,01/02/2001 00:00,05/03/2018 00:00,74,,,G,4,7,3,2,A1094,1,1,G81
3639,,F,05/02/2018 00:00,01/02/1956 00:00,,36,,,C,5,8,2,10,A798,1,1,G12
3640,,F,01/08/2019 00:00,01/05/1978 00:00,,75,,,C,3,10,3,,A372,1,1,G43
3641,C,M,03/04/2015 00:00,01/02/1961 00:00,02/09/1999 00:00,67,,,G,2,2,4,5,A1428,1,1,G82
3642,,M,30/06/2022 00:00,01/11/1983 00:00,10/06/2013 00:00,56,,,C,5,5,2,1,A1213,1,1,G62
3643,,M,01/02/2001 00:00,01/05/1988 00:00,13/08/2018 00:00,35,,,G,5,2,5,2,A1102,2,1,G78
3644,,F,01/07/2016 00:00,01/11/1957 00:00,02/12/2019 00:00,69,31/12/1987 00:00,,G,,8,1,3,A763,2,1,G69
3645,,M,19/04/2018 00:00,01/11/1962 00:00,,70,,,G,5,9,,1,A472,1,1,G13
3646,,M,23/08/2021 00:00,01/02/1976 00:00,05/11/2020 00:00,72,,,G,1,10,4,7,A1224,2,1,G66
3647,,M,01/04/2022 00:00,01/08/1988 00:00,,79,,,G,3,2,5,1,A1421,1,1,G44
3648,C,F,25/01/2012 00:00,01/08/1994 00:00,,30,,,G,4,10,1,3,A22,1,1,PA28
3649,,F,01/01/2012 00:00,01/02/1982 00:00,27/06/2000 00:00,76,,,S,3,7,5,2,A19,1,1,PA19
3650,,M,02/04/2002 00:00,01/02/1964 00:00,,43,,,G,1,1,4,5,A279,1,1,G43
3651,C,F,05/02/2016 00:00,01/02/1984 00:00,11/02/2008 00:00,68,,,G,4,5,2,5,A2947,1,1,G44
3652,C,F,28/09/2012 00:00,01/08/1981 00:00,20/02/2020 00:00,65,,,G,4,4,3,7,A121,6,1,PA2
3653,C,M,18/05/2021 00:00,01/05/1994 00:00,08/11/2021 00:00,35,,,G,1,,3,3,A2228,1,1,G14
3654,,F,26/09/2018 00:00,01/11/1953 00:00,,33,,,G,4,5,3,1,A669,1,1,PA1
3655,C,F,07/03/2022 00:00,01/02/1985 00:00,,54,,,G,5,7,2,10,A2886,6,1,G42
3656,,F,01/10/2015 00:00,01/11/1989 00:00,,51,,,G,2,1,2,1,A670,1,1,G43
3657,C,F,01/04/2016 00:00,01/05/1963 00:00,31/07/2002 00:00,42,,,G,4,3,1,10,A2942,2,1,G46
3658,,F,05/02/2018 00:00,01/02/1994 00:00,,29,01/05/2018 00:00,,G,3,6,5,,A670,2,1,G51
3659,C,F,31/12/2021 00:00,01/11/1961 00:00,11/10/2019 00:00,57,,,G,5,6,1,9,A2874,1,1,G52
3660,C,M,11/02/2009 00:00,01/08/1960 00:00,25/04/1990 00:00,35,,,G,4,6,3,5,A77,1,1,PA4
3661,,F,01/07/2013 00:00,01/05/1992 00:00,11/08/2014 00:00,53,,,G,1,4,1,8,A588,1,1,G53
3662,,F,10/10/2016 00:00,01/02/1989 00:00,11/10/2018 00:00,55,,,G,2,,4,6,A1409,1,1,KA24
3663,,M,01/04/2016 00:00,01/02/1952 00:00,,60,,,C,2,9,5,,A552,1,1,G75
3664,,F,01/12/2020 00:00,01/08/1952 00:00,,33,,,C,5,10,,2,A2182,1,1,PA4
3665,C,F,01/07/1995 00:00,01/05/1972 00:00,,42,,,G,3,9,5,1,A938,1,1,G81
3666,C,M,01/06/2014 00:00,01/05/1951 00:00,24/06/2021 00:00,88,,,T,4,,5,1,A273,1,1,G46
3667,,M,01/04/2016 00:00,01/08/1964 00:00,,83,,,C,4,2,5,10,A626,,1,PA2
3668,C,F,04/12/2017 00:00,01/05/1955 00:00,28/07/2016 00:00,44,,,C,2,6,1,1,A451,1,1,G52
3669,,M,01/04/2015 00:00,01/08/1989 00:00,16/05/2014 00:00,84,30/09/2016 00:00,,G,4,2,1,1,A391,1,1,G51
3670,C,M,01/07/2019 00:00,01/08/1973 00:00,23/04/2021 00:00,34,,,C,2,10,,1,A1315,2,1,PA4
3671,,F,06/03/2018 00:00,01/08/1955 00:00,,72,,,G,5,1,5,8,A1409,3,1,PA18
3672,,M,01/04/2016 00:00,01/02/1948 00:00,18/05/2018 00:00,71,,,G,,6,4,4,A1280,1,1,G51
3673,,F,02/07/2021 00:00,01/02/1971 00:00,,29,,,C,3,3,,3,A1026,1,1,G12
3674,,F,07/05/2009 00:00,01/02/1929 00:00,07/02/2019 00:00,61,,,G,2,8,1,9,A845,,1,G53
3675,C,M,01/04/2011 00:00,01/05/2001 00:00,19/03/2013 00:00,68,,,G,5,6,4,1,A2947,1,1,PA20
3676,C,F,01/10/2017 00:00,01/02/1960 00:00,,80,,,G,2,4,4,2,A1300,1,1,G64
3677,C,M,01/04/2017 00:00,01/05/1958 00:00,,81,,,G,2,10,4,10,A659,1,1,G53
3678,,M,12/08/2019 00:00,01/08/1980 00:00,,66,26/07/2017 00:00,,G,2,7,4,2,A1300,,1,G83
3679,,F,01/04/2017 00:00,01/11/1966 00:00,12/11/2018 00:00,31,,,G,2,8,4,10,A2175,,1,PA29
3680,,M,01/07/1993 00:00,01/08/1942 00:00,29/09/2020 00:00,28,,,C,5,4,3,3,A845,1,1,G77
3681,,M,01/04/2022 00:00,01/08/1948 00:00,30/01/2020 00:00,38,,,G,1,2,1,2,A1254,2,1,G52
3682,,F,01/06/2020 00:00,01/08/1994 00:00,08/04/2022 00:00,69,,,G,,4,5,10,A726,2,1,G82
3683,C,F,24/09/2021 00:00,01/11/1961 00:00,03/09/2020 00:00,79,,,G,4,10,3,4,A175,1,1,
3684,,F,25/07/2016 00:00,01/05/1959 00:00,,76,,,G,5,8,3,1,A1172,1,1,PA4
3685,C,F,13/11/2013 00:00,01/11/1946 00:00,30/11/2018 00:00,83,,,C,3,5,1,1,A1334,1,1,G81
3686,,M,27/05/2020 00:00,01/11/1942 00:00,15/12/2015 00:00,51,21/08/2017 00:00,,G,3,1,2,7,A2182,3,1,PA5
3687,C,F,15/10/2008 00:00,01/08/1957 00:00,,68,,,C,1,4,1,1,A881,5,1,PA4
3688,,F,01/09/1998 00:00,01/11/1958 00:00,,73,,,G,5,1,2,3,A960,1,1,PA4
3689,,F,18/04/2018 00:00,01/02/1940 00:00,,79,,,G,,8,1,6,A670,1,1,G20
3690,,F,01/06/2001 00:00,01/02/1944 00:00,23/04/2013 00:00,37,,,G,4,1,5,8,A695,1,1,G40
3691,,F,01/12/2011 00:00,01/05/1985 00:00,,52,,,G,1,4,5,6,A1211,1,1,G33
3692,,F,30/06/2018 00:00,01/05/1947 00:00,28/01/2021 00:00,35,,,G,5,8,5,3,A1247,1,1,PA5
3693,,F,01/10/2004 00:00,01/08/1963 00:00,,52,,,G,3,2,1,9,A424,1,1,G77
3694,,F,01/12/2020 00:00,01/05/1957 00:00,,71,13/09/2017 00:00,,G,5,10,,1,A131,1,1,EH6
3695,,M,01/10/2014 00:00,01/05/1950 00:00,,72,,,G,3,2,5,5,A1300,,1,PA1
3696,,F,01/06/1998 00:00,01/11/1947 00:00,,71,,,G,5,4,5,2,A1564,,1,G83
3697,,F,01/06/2014 00:00,01/05/1953 00:00,,42,,,G,5,10,1,2,A1004,1,1,G45
3698,C,F,11/09/2019 00:00,01/05/1966 00:00,,63,,,C,,10,1,9,A1619,1,1,G14
3699,C,M,01/08/2008 00:00,01/08/1955 00:00,,59,,,G,3,6,1,1,A919,1,1,G52
3700,C,F,28/09/2012 00:00,01/11/1971 00:00,22/03/2021 00:00,44,,,G,5,,4,8,A819,1,1,G46
3701,,F,01/04/2018 00:00,01/11/1947 00:00,27/05/2022 00:00,75,,,G,5,1,5,8,A1084,1,1,G42
3702,,M,22/09/2003 00:00,01/02/1953 00:00,18/01/2018 00:00,55,,,C,2,8,2,3,A1003,1,1,PA5
3703,,F,01/07/2007 00:00,01/08/1990 00:00,04/07/2001 00:00,66,,,C,2,3,5,3,A764,1,1,PA1
3704,C,M,06/04/2001 00:00,01/11/1960 00:00,13/12/2019 00:00,43,,,G,5,3,4,3,A2507,1,1,G41
3705,,F,11/02/2010 00:00,01/02/1947 00:00,01/04/1997 00:00,56,,,G,4,10,1,,A204,1,1,G67
3706,,F,01/01/2021 00:00,01/05/1945 00:00,,27,,,G,1,9,2,1,A249,1,1,G61
3707,,M,11/08/2021 00:00,01/02/1958 00:00,,84,,,G,5,1,2,3,A875,1,1,G51
3708,,M,18/08/2008 00:00,01/05/1954 00:00,16/08/2021 00:00,61,,,G,1,3,1,3,A843,1,1,KA3
3709,,F,01/09/1990 00:00,01/02/1971 00:00,30/01/2019 00:00,69,,,G,5,9,2,10,A277,1,1,PA34
3710,C,F,31/12/2021 00:00,01/02/1984 00:00,13/11/2015 00:00,63,,,G,3,6,4,4,A143,1,1,G14
3711,C,F,01/10/2011 00:00,01/02/1945 00:00,04/09/2006 00:00,27,,,G,4,1,1,2,,1,1,G81
3712,,M,01/07/2016 00:00,01/05/1967 00:00,22/04/2020 00:00,33,,,G,3,,3,5,A1179,2,1,G52
3713,,M,23/08/2021 00:00,01/08/1966 00:00,05/10/2021 00:00,71,,,G,4,7,1,10,A844,1,1,G41
3714,C,F,03/04/2015 00:00,01/05/1959 00:00,,34,31/03/1989 00:00,,G,5,9,1,8,A521,1,1,G81
3715,,F,01/11/2017 00:00,01/05/1965 00:00,03/07/2018 00:00,78,,,C,4,5,1,4,A1003,1,1,G71
3716,,F,12/12/2019 00:00,01/11/1969 00:00,18/01/2022 00:00,80,,,G,,6,3,8,A680,1,1,FK1
3717,C,F,28/11/2016 00:00,01/08/1984 00:00,,61,,,G,5,3,2,1,A1113,1,1,G62
3718,,F,01/08/2009 00:00,01/05/1957 00:00,03/04/2003 00:00,32,,,G,4,1,,4,,1,1,G15
3719,,F,02/05/2019 00:00,01/11/1953 00:00,02/02/2017 00:00,32,,,G,3,8,3,10,A495,1,1,G77
3720,,F,01/04/2022 00:00,01/08/1939 00:00,,70,,,G,2,10,2,5,A1300,1,1,DD11
3721,,M,24/09/2021 00:00,01/05/1950 00:00,29/03/2012 00:00,77,,,G,3,4,3,1,A443,1,1,G53
3722,,F,18/04/2018 00:00,01/08/1952 00:00,,64,,,G,1,7,3,3,A1410,5,1,G74
3723,,F,31/10/2016 00:00,01/08/1945 00:00,,41,,,G,2,7,2,,A1874,,1,G44
3724,,F,07/11/2012 00:00,01/05/1962 00:00,,67,,,G,4,5,3,3,A273,1,1,PA3
3725,C,M,01/10/2013 00:00,01/11/1959 00:00,,38,,,C,2,1,1,,A501,5,1,G66
3726,C,F,01/10/2006 00:00,01/05/1955 00:00,05/01/2012 00:00,57,,,C,5,10,5,3,A1188,1,1,G44
3727,,F,22/09/2016 00:00,01/11/1989 00:00,,49,,,G,4,9,2,2,A819,1,1,G76
3728,C,F,21/10/2020 00:00,01/05/1951 00:00,06/04/2022 00:00,34,,,G,5,7,1,8,A1428,1,1,G77
3729,C,F,01/10/2000 00:00,01/02/1970 00:00,08/02/2000 00:00,89,,,C,2,6,1,6,A1226,2,1,PA23
3730,C,F,17/04/2020 00:00,01/05/1947 00:00,25/08/2017 00:00,74,,,G,,,5,3,A1120,1,1,PA20
3731,C,F,01/07/2019 00:00,01/02/1984 00:00,,63,,,G,5,9,5,1,A1300,1,1,G42
3732,C,M,01/04/2018 00:00,01/08/1987 00:00,,47,,,G,2,,5,6,A424,1,1,PA13
3733,,F,01/01/2002 00:00,01/08/1938 00:00,26/04/2018 00:00,57,20/10/2020 00:00,,G,,,2,2,A723,1,1,G32
3734,,F,03/11/2012 00:00,01/05/1931 00:00,,65,,,G,3,5,2,,A19,1,1,G73
3735,,F,01/12/2020 00:00,01/08/1979 00:00,03/08/2018 00:00,47,,,C,3,4,5,3,A959,1,1,G53
3736,C,F,01/04/2022 00:00,01/02/1954 00:00,23/05/2018 00:00,61,,,G,3,2,4,7,A521,1,1,G42
3737,C,F,31/05/2022 00:00,01/08/1951 00:00,,82,,,G,,4,,9,A443,1,1,G84
3738,C,M,01/10/2013 00:00,01/11/1959 00:00,28/08/2019 00:00,75,,,G,5,3,5,3,A279,1,1,G69
3739,,F,06/09/2018 00:00,01/02/1983 00:00,,66,,,G,2,5,5,9,A280,1,1,G42
3740,,F,31/01/2017 00:00,01/11/1984 00:00,06/05/1997 00:00,55,,,G,,10,1,1,A998,1,1,G61
3741,,M,04/07/2016 00:00,01/11/1962 00:00,,55,,,C,4,5,4,2,A1102,1,1,G1
3742,,F,01/04/2017 00:00,01/11/1952 00:00,,62,,,G,1,8,1,5,,1,1,G33
3743,,M,01/04/1995 00:00,01/08/1962 00:00,,66,,,C,3,5,,5,A723,1,1,G53
3744,C,F,07/07/2017 00:00,01/08/1939 00:00,28/02/2005 00:00,36,,,G,1,6,5,3,A249,1,1,G53
3745,C,F,09/05/2022 00:00,01/02/1934 00:00,29/08/2001 00:00,55,,,G,,9,2,5,A852,1,1,G13
3746,,F,04/09/2017 00:00,01/02/1975 00:00,,55,,,C,1,8,1,2,A960,1,1,G52
3747,C,F,18/05/2021 00:00,01/08/1930 00:00,17/07/2017 00:00,48,,,G,4,9,3,3,A1218,1,1,G52
3748,,M,06/07/2009 00:00,01/11/1966 00:00,,52,,,G,3,3,2,10,,1,1,G61
3749,,M,08/08/2018 00:00,01/02/1961 00:00,05/02/2020 00:00,88,,,G,3,2,5,,A1231,1,1,G14
3750,,M,18/11/2014 00:00,01/05/1945 00:00,06/12/2016 00:00,48,,,G,4,8,3,1,A558,1,1,G40
3751,C,F,18/11/2014 00:00,01/11/1957 00:00,02/06/2015 00:00,51,,,G,3,7,4,5,A895,1,1,G81
3752,C,F,01/04/2001 00:00,01/02/1985 00:00,04/08/2021 00:00,37,,,G,4,7,3,1,A1372,1,1,G14
3753,,F,08/06/2021 00:00,01/11/1993 00:00,,40,,,C,2,4,2,5,A1113,,1,G44
3754,C,F,01/08/2009 00:00,01/02/1966 00:00,31/07/2002 00:00,46,,,G,2,1,1,3,A521,1,1,G33
3755,,M,31/10/2019 00:00,01/02/1949 00:00,,32,,,C,4,8,5,10,A131,,1,G61
3756,,M,01/04/2006 00:00,01/05/1963 00:00,,49,,,G,2,9,1,5,A699,1,1,PA28
3757,C,F,31/03/2020 00:00,01/02/1954 00:00,10/03/2020 00:00,52,,,C,,10,3,2,A226,1,1,G31
3758,,F,01/10/2013 00:00,01/02/1963 00:00,24/07/1993 00:00,58,,,G,1,9,5,9,A19,1,1,G67
3759,,M,01/08/2019 00:00,01/05/1968 00:00,25/10/2017 00:00,51,,,G,4,9,4,9,A2182,1,1,G41
3760,C,F,01/04/2011 00:00,01/08/1963 00:00,22/02/1994 00:00,63,,,G,1,,3,6,A121,1,1,G46
3761,C,F,04/03/2021 00:00,01/11/1951 00:00,,43,09/09/2016 00:00,,G,2,1,5,10,A1320,1,1,PA42
3762,,F,05/04/2006 00:00,01/08/1972 00:00,,64,,,G,4,8,5,4,A938,1,1,G44
3763,,F,03/04/2015 00:00,01/08/1984 00:00,11/05/2021 00:00,31,,,G,3,,5,2,A1002,4,1,G44
3764,,F,01/08/2014 00:00,01/11/1969 00:00,,76,,,C,2,2,3,1,A1356,1,1,G44
3765,,M,24/09/2021 00:00,01/08/1949 00:00,14/07/2015 00:00,25,,,G,5,9,1,3,A651,,1,PA4
3766,,M,01/02/2015 00:00,01/11/1985 00:00,,64,,,G,1,1,2,7,A669,1,1,PA2
3767,,M,01/07/2019 00:00,01/02/1966 00:00,07/03/2012 00:00,42,15/09/2016 00:00,,G,3,1,2,1,A1223,1,1,G12
3768,C,F,31/12/2021 00:00,01/05/1969 00:00,,66,,,G,1,9,3,,A521,1,1,G77
3769,C,F,01/07/2002 00:00,01/02/1950 00:00,02/03/2006 00:00,69,,,G,5,10,,10,A1022,1,1,G31
3770,,F,30/07/2014 00:00,01/08/1989 00:00,14/01/2022 00:00,36,,,G,2,8,,,A1269,1,1,G51
3771,C,F,01/10/2018 00:00,01/02/1986 00:00,,29,,,S,5,1,3,1,A1118,1,1,G53
3772,C,M,01/10/2007 00:00,01/08/1950 00:00,23/03/2022 00:00,52,,,G,2,5,1,9,A912,1,1,
3773,,F,01/04/2011 00:00,01/02/1949 00:00,24/11/2016 00:00,29,,,G,2,10,3,3,A930,4,1,PA28
3774,C,F,01/06/2014 00:00,01/02/1961 00:00,,67,,,G,1,3,5,5,A588,1,1,G61
3775,,F,19/05/2015 00:00,01/11/1965 00:00,,79,,,G,2,9,5,10,A280,1,1,G1
3776,C,F,01/01/2020 00:00,01/02/1950 00:00,,17,,,G,3,10,2,5,A426,1,1,PA12
3777,C,M,09/11/2021 00:00,01/08/1964 00:00,,47,,,G,3,9,1,10,A699,1,1,G53
3778,,F,30/06/2018 00:00,01/05/1988 00:00,,54,,,G,4,9,,,,,1,G22
3779,,M,01/12/2011 00:00,01/11/1966 00:00,27/07/2015 00:00,67,,,G,1,1,5,2,A445,1,1,G46
3780,C,F,06/02/2009 00:00,01/02/1959 00:00,,36,,,G,,6,4,10,A782,1,1,G81
3781,,F,01/07/2010 00:00,01/11/1961 00:00,,69,,,G,5,7,1,7,A1014,1,1,G41
3782,,F,01/04/2011 00:00,01/11/1964 00:00,15/03/2021 00:00,79,,,G,2,1,1,3,A1004,1,1,G13
3783,,M,05/02/2016 00:00,01/08/1955 00:00,19/03/2015 00:00,74,,,G,1,3,1,9,A19,2,1,G66
3784,C,M,01/04/2021 00:00,01/02/1981 00:00,,49,,,C,4,6,3,7,A93,1,1,G77
3785,C,F,01/07/1998 00:00,01/02/1971 00:00,,49,,,G,1,7,5,1,,1,1,G53
3786,,F,01/07/2013 00:00,01/02/1968 00:00,,46,,,G,4,7,1,1,A149,1,1,PA14
3787,C,F,31/03/2021 00:00,01/02/1981 00:00,11/09/2019 00:00,71,,,G,4,,,7,A960,2,1,G21
3788,C,M,02/04/1990 00:00,01/08/1945 00:00,,39,,,G,4,,2,5,A858,6,1,G12
3789,C,F,01/08/2001 00:00,01/02/1976 00:00,13/12/2018 00:00,31,,,G,4,1,3,2,A1283,1,1,G13
3790,,F,01/11/2014 00:00,01/08/1947 00:00,,75,,,T,5,8,5,1,A12,1,1,G32
3791,,F,24/06/2022 00:00,01/08/1934 00:00,09/08/2013 00:00,30,,,G,2,10,5,6,A405,1,1,G52
3792,C,F,30/04/2021 00:00,01/08/1954 00:00,,41,,,G,3,2,3,10,A1379,2,1,PA28
3793,,F,28/09/2012 00:00,01/02/1946 00:00,,62,,,C,2,4,,8,A2115,1,1,PA4
3794,,F,01/04/2018 00:00,01/08/1947 00:00,04/04/2022 00:00,38,,,L,5,1,2,7,A881,1,1,G76
3795,C,M,01/09/2019 00:00,01/05/1945 00:00,24/02/2012 00:00,28,,,G,5,3,4,6,A2182,1,1,G52
3796,C,F,30/06/1995 00:00,01/02/1969 00:00,,62,,,S,4,1,1,8,A919,3,1,G14
3797,,M,01/07/2014 00:00,01/05/1987 00:00,,72,,,G,2,10,2,8,A70,1,1,G53
3798,C,F,30/04/2022 00:00,01/08/1939 00:00,,82,,,G,4,10,2,10,A960,3,1,G43
3799,,F,01/08/2020 00:00,01/02/1965 00:00,17/05/2017 00:00,72,,,G,2,3,1,9,A1372,1,1,G81
3800,,F,21/09/2020 00:00,01/08/1962 00:00,26/10/2016 00:00,93,,,L,1,8,3,4,A19,1,1,G14
3801,C,F,01/11/2017 00:00,01/02/1994 00:00,,73,,,Y,5,9,2,1,A118,,1,G61
3802,,F,30/08/2019 00:00,01/05/1971 00:00,,64,,,G,5,10,1,6,A1224,1,1,G51
3803,C,M,12/12/2019 00:00,01/08/1940 00:00,,51,,,G,4,3,5,3,A2182,1,1,G53
3804,C,M,01/04/2022 00:00,01/08/1983 00:00,,33,,,C,2,9,3,1,A1102,1,1,G73
3805,C,F,07/06/2010 00:00,01/11/1942 00:00,,30,,,C,3,1,1,9,A881,,1,G77
3806,C,F,01/07/2016 00:00,01/02/1963 00:00,22/05/2018 00:00,41,,,G,2,8,4,9,A670,1,1,KA10
3807,C,M,02/07/2021 00:00,01/02/1961 00:00,,58,,,G,2,,1,8,A1315,1,1,G41
3808,C,F,07/04/2014 00:00,01/08/1992 00:00,08/11/2019 00:00,34,,,G,5,9,5,3,A99,1,1,G13
3809,,M,08/01/2018 00:00,01/02/1965 00:00,07/10/2014 00:00,40,,,G,5,10,2,6,A372,1,1,G82
3810,,M,31/03/2020 00:00,01/02/1958 00:00,,31,,,G,4,3,1,2,A695,5,1,G61
3811,,M,24/09/2021 00:00,01/11/1941 00:00,09/08/2019 00:00,51,,,G,4,4,1,9,A659,1,1,PA14
3812,C,F,01/04/2022 00:00,01/08/1961 00:00,,61,,,G,2,4,1,9,A1280,5,1,G22
3813,,F,01/10/2001 00:00,01/02/1948 00:00,24/10/2017 00:00,46,,,G,,7,,9,A1002,1,1,G82
3814,,F,18/05/2021 00:00,01/02/1943 00:00,,37,,,C,3,5,,1,A12,1,1,DD3
3815,,F,01/12/2011 00:00,01/11/1957 00:00,31/07/2018 00:00,58,,,G,3,5,2,8,A1226,1,1,G42
3816,,F,01/04/2006 00:00,01/08/1975 00:00,15/10/2014 00:00,49,,,G,,3,1,8,A1226,1,1,G64
3817,,F,08/12/2014 00:00,01/02/1933 00:00,08/01/2018 00:00,64,,,G,,4,4,10,A1269,1,1,PA4
3818,,M,30/06/2018 00:00,01/02/1982 00:00,16/09/2016 00:00,53,,,G,1,7,5,,A724,1,1,G42
3819,C,F,31/03/2021 00:00,01/02/1979 00:00,20/09/2017 00:00,35,,,G,2,8,,4,A1345,6,1,G20
3820,C,M,01/04/2016 00:00,01/11/1970 00:00,,69,,,C,,9,2,1,A716,2,1,G78
3821,C,M,16/11/2013 00:00,01/02/1988 00:00,15/07/2021 00:00,73,,,G,4,6,1,1,A881,1,1,G81
3822,,F,04/02/2020 00:00,01/08/1936 00:00,,58,,,G,4,7,1,1,A1421,,1,G13
3823,,F,01/01/2021 00:00,01/05/1992 00:00,,50,,,C,1,,3,5,A798,1,1,G4
3824,C,F,06/07/2009 00:00,01/11/1942 00:00,22/04/2020 00:00,74,,,A,2,4,1,1,A22,2,1,G13
3825,,F,01/06/2000 00:00,01/05/1992 00:00,,33,,,G,2,9,5,5,A839,1,1,G52
3826,,F,01/07/2015 00:00,01/05/1952 00:00,30/06/2021 00:00,83,,,G,1,9,5,3,A659,1,1,G69
3827,,M,21/04/2021 00:00,01/02/1975 00:00,03/06/2021 00:00,50,,,G,1,8,1,2,A590,1,1,G53
3828,,F,01/11/1991 00:00,01/02/1944 00:00,,60,,,G,3,6,,1,A912,1,1,G45
3829,,M,08/12/2014 00:00,01/05/1981 00:00,,79,,,G,2,3,2,1,A1086,1,1,G12
3830,,M,31/10/2019 00:00,01/05/1943 00:00,05/09/2016 00:00,43,,,G,2,4,4,1,A1003,1,1,PA5
3831,,F,02/01/2008 00:00,01/11/1955 00:00,04/12/2020 00:00,39,,,T,2,5,3,9,A1350,1,1,PA1
3832,,F,05/04/2006 00:00,01/05/1953 00:00,10/01/2018 00:00,90,,,G,2,7,4,3,A1372,,1,G77
3833,C,M,10/07/2017 00:00,01/08/1968 00:00,,34,30/06/1989 00:00,,G,3,8,2,2,A175,1,1,G14
3834,,F,04/08/2003 00:00,01/08/1983 00:00,,66,,,G,3,7,1,8,A178,1,1,G14
3835,,F,07/11/2012 00:00,01/05/1989 00:00,,81,,,G,4,8,3,2,,1,1,PA3
3836,C,F,01/11/2012 00:00,01/08/1982 00:00,,44,,,G,2,6,3,7,A850,1,1,G51
3837,C,M,01/10/2015 00:00,01/11/1979 00:00,05/01/1998 00:00,62,,,G,2,7,1,10,A680,1,1,G66
3838,C,M,01/10/1997 00:00,01/11/1971 00:00,25/09/1991 00:00,32,,,G,5,6,2,3,A375,1,1,PA4
3839,C,F,20/04/2015 00:00,01/08/1963 00:00,27/11/2003 00:00,51,,,L,5,9,1,,A998,1,1,G82
3840,,M,17/04/2020 00:00,01/08/1958 00:00,,65,,,G,1,2,5,2,A824,2,1,G11
3841,C,M,31/03/2009 00:00,01/02/1963 00:00,,31,,,G,5,10,2,7,A159,1,1,G42
3842,,F,01/04/2009 00:00,01/05/1952 00:00,01/03/2021 00:00,60,,,G,5,9,5,1,A813,1,1,G53
3843,,F,30/06/2021 00:00,01/02/1966 00:00,11/03/2021 00:00,58,,,G,5,6,2,10,A491,1,1,G51
3844,,M,31/03/2020 00:00,01/05/1940 00:00,07/06/2006 00:00,35,,,G,4,7,4,10,A1562,1,1,PA2
3845,C,M,01/06/2020 00:00,01/11/1968 00:00,06/06/2017 00:00,37,,,G,5,9,5,,A107,,1,G41
3846,,F,31/12/2015 00:00,01/05/1982 00:00,,40,,,G,5,10,5,6,A77,1,1,PA1
3847,C,F,05/03/2021 00:00,01/11/1986 00:00,,23,,,C,3,8,3,3,A278,1,1,G12
3848,,F,31/03/2020 00:00,01/02/1984 00:00,07/07/2016 00:00,76,,,G,4,2,5,1,A301,1,1,G15
3849,,F,11/09/2014 00:00,01/11/1944 00:00,26/05/2014 00:00,67,,,G,5,10,2,2,A1371,1,1,G76
3850,,F,01/07/2021 00:00,01/02/1990 00:00,01/07/2008 00:00,57,,,C,5,6,,9,A1564,3,1,G32
3851,C,F,08/08/2018 00:00,01/02/1952 00:00,29/06/2016 00:00,81,31/03/1991 00:00,,G,5,7,5,6,A2942,1,1,G77
3852,C,F,13/02/2018 00:00,01/08/1967 00:00,07/06/1993 00:00,82,,,G,5,10,4,4,A1345,1,1,G40
3853,C,M,05/01/2010 00:00,01/02/1963 00:00,,83,,,G,5,10,5,1,A226,1,1,G33
3854,,F,01/08/2002 00:00,01/05/1951 00:00,,36,,,G,,9,5,1,A226,1,1,G51
3855,,F,02/01/2003 00:00,01/02/1955 00:00,13/04/2000 00:00,79,,,G,3,,5,9,A76,2,1,G32
3856,,M,30/11/2020 00:00,01/08/1934 00:00,,66,,,G,3,6,5,1,A1231,1,1,G82
3857,C,F,08/08/2018 00:00,01/11/1936 00:00,,46,,,G,3,8,1,6,A726,1,1,G41
3858,,M,01/12/2020 00:00,01/08/1987 00:00,,24,,,C,2,,1,8,A852,1,1,G52
3859,,F,01/09/2019 00:00,01/11/1971 00:00,14/11/2018 00:00,60,,,G,4,9,5,1,A1053,,1,G44
3860,,F,01/07/2006 00:00,01/11/1952 00:00,26/08/2020 00:00,54,,,G,5,1,3,3,A175,1,1,PA23
3861,,F,14/06/2022 00:00,01/02/1940 00:00,,34,,,G,4,4,1,1,A589,1,1,G42
3862,,F,01/07/2017 00:00,01/08/1967 00:00,,42,,,C,2,3,2,3,,1,1,G62
3863,,M,01/10/2010 00:00,01/05/1970 00:00,28/08/2015 00:00,83,,,G,5,1,4,1,A1069,,1,G83
3864,,M,01/08/2019 00:00,01/11/1994 00:00,,75,,,C,5,4,1,2,A699,3,1,G53
3865,,F,05/03/2021 00:00,01/11/1947 00:00,28/03/2018 00:00,58,,,G,3,5,5,6,A359,1,1,G5
3866,,F,01/07/2021 00:00,01/02/1986 00:00,10/09/2008 00:00,68,,,G,2,8,1,2,A1372,1,1,PA4
3867,,M,08/08/2018 00:00,01/02/1991 00:00,,78,,,G,1,4,5,1,,1,1,G52
3868,,F,11/07/2016 00:00,01/11/1983 00:00,12/01/2021 00:00,82,,,C,1,6,2,3,A174,3,1,G11
3869,,F,20/07/2017 00:00,01/05/1981 00:00,21/02/2017 00:00,47,,,G,5,9,1,3,A21,2,1,PA2
3870,C,F,31/10/2016 00:00,01/02/1959 00:00,,59,,,G,,1,1,5,A835,1,1,G41
3871,,F,01/04/2011 00:00,01/08/1948 00:00,18/08/2009 00:00,49,,,G,5,9,1,1,A1350,1,1,G52
3872,C,F,18/08/2008 00:00,01/11/1962 00:00,,69,14/10/2016 00:00,,G,3,9,1,2,A1254,2,1,G66
3873,,F,31/03/2014 00:00,01/11/1981 00:00,12/07/2022 00:00,33,,,G,2,6,3,2,A845,2,1,G52
3874,,M,01/04/2014 00:00,01/05/1986 00:00,28/05/2015 00:00,46,,,G,3,1,4,6,A316,1,1,G77
3875,,F,01/10/2001 00:00,01/08/1934 00:00,10/10/2018 00:00,76,20/09/2016 00:00,,G,,5,,10,A895,1,1,DD3
3876,,M,01/07/2008 00:00,01/08/1957 00:00,01/05/1990 00:00,61,,,G,5,,5,10,A1102,1,1,G3
3877,,F,05/11/2020 00:00,01/11/1945 00:00,,44,,,G,,8,3,5,A277,1,1,G13
3878,,M,05/05/2016 00:00,01/05/1962 00:00,01/02/2008 00:00,56,,,G,5,1,1,9,A1199,1,1,G61
3879,,M,01/03/2002 00:00,01/08/1977 00:00,08/02/2022 00:00,57,,,G,2,4,4,6,A1579,1,1,G42
3880,,M,03/04/2017 00:00,01/11/1979 00:00,18/02/2021 00:00,52,,,G,4,4,3,1,A357,1,1,G81
3881,,M,01/03/2003 00:00,01/11/1947 00:00,,78,,,G,3,6,4,,A1874,1,1,G52
3882,C,F,04/07/2013 00:00,01/02/1957 00:00,,71,,01/06/2021 00:00,G,5,,2,6,A472,,1,G46
3883,,M,31/12/2021 00:00,01/05/1962 00:00,07/08/2007 00:00,61,,,G,4,10,1,3,A470,1,1,G41
3884,C,F,01/08/2020 00:00,01/08/1992 00:00,27/09/2018 00:00,25,,,G,4,9,1,10,A264,1,1,G45
3885,C,F,03/04/2017 00:00,01/02/1991 00:00,,76,,,G,1,7,1,4,A372,1,1,G1
3886,,F,01/10/1989 00:00,01/02/1959 00:00,29/08/2006 00:00,72,,,G,3,9,,8,A261,1,1,G13
3887,C,F,14/03/2008 00:00,01/08/1955 00:00,11/06/2007 00:00,24,,,C,4,2,2,3,A726,1,1,G13
3888,,F,14/06/2022 00:00,01/05/1985 00:00,,73,,,G,4,8,5,6,A76,1,1,G46
3889,,F,31/10/2019 00:00,01/11/1941 00:00,,43,,,S,3,3,,,A424,1,1,G52
3890,,M,01/08/2016 00:00,01/11/1961 00:00,08/01/2020 00:00,32,,,G,3,3,2,2,A1409,1,1,G14
3891,,M,01/09/2001 00:00,01/05/1950 00:00,,75,,,G,4,9,2,2,A94,1,1,G62
3892,,F,11/08/2021 00:00,01/02/1957 00:00,,44,21/01/2020 00:00,,G,3,6,2,10,A813,1,1,G76
3893,,M,01/08/2008 00:00,01/02/1949 00:00,11/02/2020 00:00,85,,,G,5,9,4,5,A1213,6,1,G33
3894,C,M,01/07/2010 00:00,01/08/1952 00:00,06/09/2017 00:00,82,,,G,2,10,1,5,A1218,1,1,G43
3895,C,F,01/07/2014 00:00,01/11/1964 00:00,17/11/2021 00:00,85,,,G,4,10,1,,A1562,1,1,PA5
3896,C,F,01/07/2019 00:00,01/11/1954 00:00,,48,,,G,1,5,5,3,A774,5,1,G69
3897,,F,01/07/2019 00:00,01/05/1950 00:00,19/09/2012 00:00,61,,,G,2,6,1,10,A451,1,1,G51
3898,,F,31/12/2021 00:00,01/11/1997 00:00,14/07/2015 00:00,78,,,G,4,2,,,A277,1,1,G15
3899,,F,01/10/2014 00:00,01/08/1980 00:00,06/04/2016 00:00,59,,,G,3,1,5,,A2874,1,1,G33
3900,C,F,09/01/2019 00:00,01/05/1938 00:00,,44,,,A,1,2,,,A1003,1,1,G31
3901,,F,01/07/2019 00:00,01/11/1963 00:00,,76,,,C,1,3,4,2,A279,1,1,G11
3902,,F,05/05/2016 00:00,01/08/1950 00:00,24/08/2017 00:00,63,,,G,1,8,3,4,A1053,1,1,G31
3903,C,F,28/09/2012 00:00,01/11/1954 00:00,20/12/2016 00:00,84,,,G,4,4,1,4,A875,1,1,G51
3904,C,F,13/07/2015 00:00,01/05/1944 00:00,,75,,,G,2,3,1,2,A121,2,1,G51
3905,C,F,01/11/1996 00:00,01/11/1942 00:00,,71,,,G,3,2,3,4,A226,1,1,ML5
3906,,F,05/04/2016 00:00,01/02/1981 00:00,,62,,,G,2,10,3,2,A1562,1,1,G12
3907,,F,17/02/2022 00:00,01/08/1938 00:00,22/08/2002 00:00,39,,,G,4,1,2,7,A22,2,1,PA2
3908,C,F,01/09/2014 00:00,01/08/1963 00:00,30/03/2021 00:00,77,,,C,4,8,4,1,A850,,1,G20
3909,C,F,01/04/2013 00:00,01/05/1982 00:00,29/06/2016 00:00,74,,,G,4,8,,1,A292,1,1,PA4
3910,C,F,01/11/2017 00:00,01/08/1963 00:00,22/03/2018 00:00,50,,,G,5,8,1,4,A670,1,1,G46
3911,,F,18/10/2017 00:00,01/02/1971 00:00,,43,,,L,5,10,,10,A77,1,1,G61
3912,,F,01/10/2014 00:00,01/08/1938 00:00,08/03/2013 00:00,60,31/12/1988 00:00,,G,2,3,4,,A588,1,1,G53
3913,,F,01/07/2013 00:00,01/02/1961 00:00,,66,,,G,5,2,2,1,A723,1,1,G3
3914,,F,01/09/2016 00:00,01/02/1961 00:00,06/02/2018 00:00,72,,,G,,3,5,6,A264,1,1,G51
3915,C,F,05/02/2018 00:00,01/05/1986 00:00,07/06/2006 00:00,45,,01/09/2018 00:00,G,,2,2,10,A590,1,1,G81
3916,,F,01/12/2017 00:00,01/02/1983 00:00,12/01/2021 00:00,62,,,G,,7,5,,A1188,1,1,PA4
3917,,F,05/03/2021 00:00,01/11/1948 00:00,30/05/2013 00:00,79,,,G,1,9,4,3,A279,1,1,G33
3918,C,M,01/04/2006 00:00,01/05/1935 00:00,,85,,,G,,6,5,1,A824,1,1,G33
3919,C,M,08/06/2018 00:00,01/08/1946 00:00,,67,,,G,2,3,1,5,A1003,1,1,G52
3920,,M,23/01/2020 00:00,01/02/1960 00:00,23/10/2019 00:00,66,,,G,,3,2,8,A445,1,1,G84
3921,C,M,01/09/2019 00:00,01/05/1986 00:00,02/05/1990 00:00,88,,,V,5,5,3,8,A1188,1,1,G46
3922,,F,01/07/2016 00:00,01/05/1952 00:00,22/01/2021 00:00,56,,,G,3,10,2,9,A845,1,1,G64
3923,,M,04/10/2010 00:00,01/05/1939 00:00,,73,,,G,3,8,4,4,A588,1,1,G64
3924,C,M,01/04/2016 00:00,01/05/1971 00:00,,78,,,G,4,5,4,3,A666,1,1,G44
3925,C,F,31/12/2015 00:00,01/08/1990 00:00,16/01/2003 00:00,63,,,G,5,8,1,9,A121,1,1,PA5
3926,,F,01/11/2017 00:00,01/11/1958 00:00,09/08/2019 00:00,86,,,G,3,5,5,10,,1,1,G11
3927,,M,01/06/1998 00:00,01/08/1972 00:00,,67,,,G,1,8,1,7,A774,2,1,G22
3928,,F,25/05/2012 00:00,01/08/1965 00:00,,24,,,G,4,8,1,1,A1102,1,1,G52
3929,C,M,04/12/2017 00:00,01/08/1953 00:00,,53,,,G,3,10,1,1,A1372,1,1,G66
3930,C,F,01/06/2014 00:00,01/02/1977 00:00,14/09/2004 00:00,64,,,G,2,3,5,5,A204,1,1,G5
3931,C,F,24/07/2012 00:00,01/11/1932 00:00,,51,,,G,3,7,4,6,A736,,1,G40
3932,,F,15/11/2017 00:00,01/05/1956 00:00,02/03/2021 00:00,42,,,G,1,2,1,3,A798,,1,G52
3933,C,F,01/11/2014 00:00,01/08/1977 00:00,01/11/2018 00:00,52,,,G,,3,4,,A1084,1,1,G43
3934,,F,24/12/2009 00:00,01/02/1957 00:00,,73,,,G,1,7,5,,,1,1,G53
3935,,M,01/08/2008 00:00,01/11/1929 00:00,,84,,,C,4,8,4,2,A1391,1,1,G22
3936,,M,05/04/2016 00:00,01/11/1968 00:00,27/08/2018 00:00,55,,,G,1,7,5,1,A938,1,1,PA2
3937,C,F,01/05/2007 00:00,01/08/1963 00:00,,43,,,G,1,9,3,1,A960,3,1,PA16
3938,C,F,01/07/2019 00:00,01/08/1961 00:00,,78,,,G,2,3,3,1,A77,1,1,PA7
3939,C,M,01/11/1993 00:00,01/05/1966 00:00,16/12/2020 00:00,69,,,L,2,1,5,1,A901,1,1,G31
3940,,F,01/11/2013 00:00,01/08/1990 00:00,,61,,,G,4,6,1,1,A1218,1,1,G51
3941,,F,03/10/2017 00:00,01/02/1979 00:00,09/01/2006 00:00,48,,,G,2,7,5,6,A909,1,1,G46
3942,,M,01/07/2013 00:00,01/02/1997 00:00,,24,,,G,3,2,1,1,A1437,1,1,G32
3943,,F,05/05/2016 00:00,01/11/1945 00:00,,59,,,C,4,8,3,2,,1,1,G52
3944,,M,27/10/2020 00:00,01/08/1966 00:00,31/03/2021 00:00,75,,,G,5,9,2,10,A1120,1,1,G69
3945,,F,03/04/2015 00:00,01/11/1978 00:00,20/08/2019 00:00,69,,,G,1,2,5,5,A1300,1,1,PA16
3946,C,M,01/10/2017 00:00,01/05/1985 00:00,,58,,,G,1,7,5,10,A677,1,1,G64
3947,C,F,01/06/2014 00:00,01/11/1995 00:00,07/08/2007 00:00,28,,,G,,10,1,10,A143,1,1,G66
3948,C,M,17/04/2020 00:00,01/05/1989 00:00,22/04/2013 00:00,41,,,C,1,2,3,6,A764,1,1,G21
3949,,F,01/11/2017 00:00,01/02/1947 00:00,11/09/2013 00:00,80,,,G,2,5,1,2,A959,5,1,G81
3950,,M,01/10/2013 00:00,01/08/1983 00:00,,41,,,G,1,5,,6,A279,1,1,G52
3951,,F,30/06/2017 00:00,01/02/1965 00:00,30/10/2015 00:00,79,,,G,5,3,5,9,A414,1,1,G46
3952,,M,01/07/2017 00:00,01/02/1935 00:00,27/08/2018 00:00,64,,,G,5,6,4,10,A480,1,1,G3
3953,C,M,05/05/2016 00:00,01/11/1938 00:00,07/08/1997 00:00,62,,,C,,2,4,10,A1254,1,1,G60
3954,C,F,01/08/2016 00:00,01/02/1972 00:00,28/03/2022 00:00,49,,,G,3,7,3,8,A1283,1,1,G65
3955,,F,05/11/2020 00:00,01/11/1961 00:00,,61,,,C,5,8,1,9,,1,1,G76
3956,,F,02/03/1997 00:00,01/02/1955 00:00,,71,,,G,5,3,3,1,A2182,1,1,G53
3957,,F,01/07/2002 00:00,01/02/1940 00:00,,64,,,G,1,6,5,8,A1004,1,1,G53
3958,,M,01/12/2021 00:00,01/02/1958 00:00,11/04/2011 00:00,54,,,G,3,7,5,,A357,1,1,G66
3959,C,M,31/03/2022 00:00,01/08/1938 00:00,11/06/2021 00:00,79,31/12/1987 00:00,,G,5,9,5,4,A1172,1,1,G12
3960,,M,23/01/2020 00:00,01/05/1942 00:00,21/08/2018 00:00,78,,,G,1,10,1,1,A1315,1,1,PA4
3961,,F,08/12/2014 00:00,01/08/1992 00:00,10/07/2007 00:00,64,,,G,4,10,4,,A118,1,1,G61
3962,C,M,01/08/2014 00:00,01/02/1994 00:00,06/07/2016 00:00,52,22/03/2010 00:00,,G,1,5,2,10,A451,,1,G61
3963,,F,31/03/2010 00:00,01/11/1983 00:00,04/03/2002 00:00,62,,,G,1,8,1,2,A895,1,1,G14
3964,C,F,01/07/2019 00:00,01/11/1941 00:00,30/08/2017 00:00,43,,,T,2,5,,,A121,1,1,G81
3965,,F,01/08/2006 00:00,01/02/1950 00:00,16/04/1994 00:00,65,04/08/2016 00:00,,G,1,5,1,1,A1188,1,1,G5
3966,C,F,23/04/2018 00:00,01/11/1970 00:00,28/02/2005 00:00,26,,,C,3,5,2,1,A472,1,1,G45
3967,C,F,26/04/2004 00:00,01/05/1993 00:00,20/06/2013 00:00,40,,,G,2,1,2,4,A651,1,1,G15
3968,,F,01/04/2017 00:00,01/11/1979 00:00,,55,,,G,3,9,5,3,A1266,1,1,G34
3969,,F,01/12/2011 00:00,01/02/1953 00:00,,84,,,G,5,3,1,1,A292,1,1,G12
3970,,M,01/07/2014 00:00,01/08/1956 00:00,11/01/2022 00:00,71,,,G,1,9,2,9,A292,1,1,G51
3971,,F,01/10/2017 00:00,01/02/1962 00:00,,66,,,G,1,,4,2,A1874,1,1,PA13
3972,C,F,04/03/2013 00:00,01/11/1942 00:00,03/07/2001 00:00,77,,,G,4,,1,3,A121,1,1,G77
3973,,F,08/08/2018 00:00,01/08/1998 00:00,,34,,,G,5,,1,1,A292,2,1,G21
3974,,F,01/11/2004 00:00,01/08/1944 00:00,,58,,,V,1,6,1,9,A301,1,1,PA8
3975,,F,01/04/2014 00:00,01/05/1970 00:00,24/10/2018 00:00,39,,,G,1,5,5,10,A1002,1,1,G33
3976,,F,01/04/2017 00:00,01/11/1980 00:00,10/03/2016 00:00,64,,,G,4,2,5,6,,1,1,G52
3977,,F,10/10/2016 00:00,01/05/1987 00:00,13/02/2019 00:00,58,,,G,5,10,2,9,A292,1,1,G42
3978,,F,18/09/2015 00:00,01/11/1978 00:00,,34,,,C,3,10,2,3,A938,1,1,G77
3979,C,M,01/07/2022 00:00,01/02/1995 00:00,12/05/2022 00:00,56,,,G,3,6,4,1,A1210,,1,G52
3980,,F,01/04/2013 00:00,01/02/1971 00:00,23/08/2013 00:00,65,,,G,2,,1,1,,,1,G61
3981,,M,31/03/2010 00:00,01/05/1978 00:00,20/10/2020 00:00,61,,,G,2,9,3,2,A19,1,1,G53
3982,C,F,01/11/2010 00:00,01/02/1976 00:00,05/10/2010 00:00,58,,,G,3,10,3,10,,1,1,G31
3983,,M,10/11/2021 00:00,01/02/1961 00:00,16/09/2015 00:00,57,,,G,2,4,5,2,A1231,1,1,G32
3984,,F,01/07/2009 00:00,01/11/1963 00:00,,50,,,G,3,6,5,8,A598,1,1,G23
3985,C,M,04/04/1989 00:00,01/11/1985 00:00,02/05/1990 00:00,56,,,G,5,7,4,8,A174,5,1,G77
3986,C,M,01/12/1997 00:00,01/05/1960 00:00,10/02/2021 00:00,76,,,G,1,,1,2,A83,1,1,PA3
3987,C,M,16/11/2020 00:00,01/08/1945 00:00,13/01/2021 00:00,46,,,C,3,2,1,9,A301,,1,G82
3988,,M,01/09/2016 00:00,01/08/1965 00:00,21/06/2021 00:00,79,,,G,3,10,1,1,A2437,1,1,G44
3989,,F,01/10/2006 00:00,01/05/1959 00:00,13/05/1999 00:00,65,,,G,5,5,5,1,A945,1,1,G76
3990,C,M,17/04/2020 00:00,01/02/1975 00:00,06/05/2021 00:00,68,,,G,3,6,3,6,A12,1,1,G43
3991,C,F,04/12/2017 00:00,01/08/1958 00:00,23/07/2013 00:00,36,,,L,1,10,3,5,A443,1,1,G5
3992,,M,10/10/2016 00:00,01/08/1961 00:00,,80,,,G,4,10,2,5,A1320,1,1,G81
3993,C,F,01/01/2022 00:00,01/11/1981 00:00,,87,,,G,5,9,5,,A138,1,1,G51
3994,,F,01/07/2022 00:00,01/02/1985 00:00,,63,,,C,3,9,5,,A404,1,1,G52
3995,C,M,15/05/2018 00:00,01/05/1959 00:00,13/01/2011 00:00,74,,,G,4,10,1,2,A472,1,1,G52
3996,,F,12/07/2013 00:00,01/05/1951 00:00,,43,,,G,2,7,5,5,A1874,1,1,G52
3997,,M,01/04/2014 00:00,01/05/1996 00:00,,30,,,G,5,10,4,9,A2942,,1,G23
3998,,F,06/12/2021 00:00,01/02/1987 00:00,,70,,,G,3,9,1,4,A1002,1,1,G46
3999,C,F,01/11/1999 00:00,01/08/1960 00:00,22/08/2002 00:00,38,,,G,5,1,5,8,A1213,1,1,G83
4000,C,F,30/09/2021 00:00,01/08/1966 00:00,,54,,,G,5,5,5,5,A1409,1,1,G13
